sport and activities,politics,war,drugs,Activism( gender&race),food,veganism,nature,love ,arts,travelling,cars,business,animals,Money
#mlb,#news,#1936,#instagood,#bethechange,#tagstagram,#goodness,#summer,#tagstagram,#painting,#tagstagram,#car,#entrepreneur,#tagstagram,#shopping
#mlbtheshow,#election2020,#illinoiscentral,#vibe,#kingsandqueensunited,#foodporn,#vegetarian,#summer2020,#friend,#paintings,#usa,#cars,#entrepreneurship,#dog,#shoppingonline
#mlbmemes,#police,#greendiamond,#boy,#knowyourhistory,#food,#healthy,#summertime,#friends,#tagstagram,#unitedstates,#carlifestyle,#entrepreneurlife,#dogs,#tagstagram
#mlbpicks,#politics,#train,#badguy,#unlearnandrelearn,#foodphotography,#healthylifestyle,#summervibes¬†,#bff,#artist,#america,#carswithoutlimits,#entrepreneurn,#dogsofinstagram,#shoppingaddict
#mlbnetwork,#american,#milwaukee,#mood,#blacklove,#foodie,#healthyeating,#tagsta,#bestfriend,#watercolor,#usatravel,#carsofinstagram,#entrepreneure,#dogoftheday,#shoppingbags
#tagstagram,#biden2020,#historydaily,#drugs,#blackpower,#foodgasm,#healthyfood,#summerday,#friendshipgoals,#tagsta,#theunitedstates,#carspotting,#entrepreneurial,#dogstagram,#tagsta
#tagsta_sports¬†,#congress,#old,#fullon,#blackcouples,#foods,#plantbasedrecipes,#summerbody,#friendshipquotes,#acrylicpaint,#tagsta,#carstagram,#tagstagram,#dogsofinstaworld,#shoppings
#tagsta,#crime,#war,#wildphotographyüì∑,#blacklivesmatter,#foody,#vegans,#tagstagram,#friendships,#painting_forever_art,#iloveamerica,#carsforsale,#tagstagramers,#dogs_of_instagram,#shoppingspree
#baseballnews#nba,#journalism,#history,#porsche,#blacktogetherness,#foodography,#veganrecipes,#summers,#friendzone,#tagstagramers,#starsandstripes,#carsandcoffee,#entrepreneurs,#doglover,#tagstagramers
#nbaplayers,#conservative,#ilovehistory,#gt4,#buyblack,#foodheaven,#vegano,#summerholiday,#friendship,#paintingart,#texas,#carspotters,#entrepreneurmindset,#doge,#shoppingcart
#nbadraft,#diplomacy,#historylover,#illustration,#supportblackbusiness,#foodbeast,#vegansofinstagram,#summerfeeling,#friendsday,#paintingprocess,#california,#carsoftheday,#entrepreneurquotes,#doggy,#shoppingday
#tagsta_sports¬†.1,#revolution,#worldhistory,#herald,#blackhistory,#foodstyling,#vegansofig,#tagsta_nature,#friendly,#fineartpainting,#florida,#carshow,#entrepreneurgoals,#doglovers,#shoppingqueen
#tagsta.1,#propaganda,#creepy,#pakistan,#blackpanther,#foodblogfeed,#veganlife,#summermemories,#friendsforever,#paintingoftheday,#newyork#tagstagram,#carswithoutlimit,#entrepreneurlifestyle,#dogs_of_world,#shoppingbag
#tagstagramers,#biden,#historyschutzenpanzerwagen,#psychedelicdrugs,#blackexcellence,#foodoftheday,#vegancommunity,#summernights,#friendsforlife,#paintingoncanvas,#travel,#carspushingthelimits,#entrepreneurmotivation,#doggie,#shoppingtime
#nbabasketball,#press,#warandpeacerevival,#art,#blackhair,#tagstagram,#miam,#tagstagramers,#friendforlife,#paintingvideo,#travelphotography,#carspot,#tagsta_business,#doggo,#shoppinglover
#nbaawards,#newspaper,#warandpeacerevival2018,#digitalart,#coils,#dessert,#regal,#summerweather,#friendslove,#paintingforsale,#travelblogger,#dailycars,#entrepreneurquote,#dogsofinsta,#shoppingtherapy
#nbachamps,#genz,#warandpeaceshow,#digitalillustration,#kinks,#desserttable,#chickpeas,#summercolors,#friendforever,#lovetopaint,#travelling,#carslovers#trucks,#entrepreneurtips,#instadog,#shoppingmall
#nbagang,#flag,#militaryshow,#psychedelic,#curls,#desserts,#sweetpotato,#summerbreeze,#bffgoals,#paint,#travelholic,#truck,#entrepreneurofinstagram,#dogsandpals,#shoppingfun
#nbastore,#activism,#sch√ºtzenpanzerwagen,#trippy,#woke,#dessertporn,#beetroot,#summerholidays,#bffs,#paintinginprogress,#travelguide,#trucksforsale,#entrepreneurjourney,#mansbestfriend,#loveshopping
#tagsta.2,#vote,#sdkfz251,#surrealism,#staywoke,#dessertmasters,#vegancommunity,#summerfashion,#bff_goals,#paintingaday,#traveling,#truckstuff,#entrepreneurmind,#doggie#tagstagram,#lovetoshop
#tagstagramers.1,#bbc,#militaryvehicle,#blackpharmacist,#activism,#dessertgram,#meatfree,#summernight,#bestfriends,#paintingfun,#travelgram,#truckstance,#entrepreneurminds,#cat,#shoppingaddiction
#baseballswag,#joebiden,#militaryvehicles,#doctor,#blackgirlmagic,#dessertoftheday,#dairyfree,#summertrip,#friendsforever,#paintingsforsale,#traveller,#truckspotter,#entrepreneurcoach,#cats,#shoppinginsta
#baseballmom,#2020election,#ww2,#pharmacy,#blackboyjoy,#dessertshots,#eggfree,#summergoals¬†,#bestfriendsforever,#pourpainting,#tagsta,#tagstagram,#entrepreneurinspiration,#catsofinstagram,#shoppingnight#realestate
#baseballplayer#tagstagram,#fakenews,#worldwar2,#thirdyearawesome,#melanin,#dessertpics,#foodie,#summerready#winter,#friends4ever,#tagstagram,#traveler,#tagsta_auto¬†,#entrepreneurtip,#cats_of_instagram,#realestateagent
#golf,#satire,#secondworldwar,#recoveryrocks,#melaninpoppin,#desserttime,#balanced,#winterwonderland,#friendforever,#macros,#travelbook,#customtrucks,#entrepreneurstyle#businesscasual,#catlover,#tagsta
#golfing,#president,#ww2vehicle,#addiction,#gods,#dessertlovers,#balanceddiet,#winterfashion,#bff,#macro,#travellers,#oldtrucks,#tagsta_business,#catphoto,#realestatememes
#golfswing,#unitednations,#ww2vehicles,#recovery,#goddesses,#tagstagram,#oatmealbowl,#winter2020,#myfriend,#macrocounting,#travelbag,#streettrucks,#businessideas,#catwoman,#tagstagram
#golfbabes,#based,#classicmilitaryvehicle,#drugaddiction,#imrootingforeverybodyblack,#drink,#noblood,#tagsta,#goodfriends,#macrophotography,#travelers,#trucksofinstagram,#businessopportunity,#ilovecats,#realestatetips
#golftips,#flags,#nikon,#sobriety,#iloveusforreallets,#drinks,#breakfastbowl,#winteroutfit,#myfriends,#countingmacros,#travel_drops,#truckspotting,#businessdevelopment,#instacat#tagstagram,#realestatenews
#golfer,#opinion,#nikond7500,#successtips,#thefeministvibeik,#drinking,#porridge,#winteroutfits,#friendship,#macro_captures_,#traveldeeper,#oldschooltrucks,#businesstips,#horse,#realestateadvice
#golfplayer,#politics,#landroverphotos,#sober,#racist,#drinkup,#soulfood,#tagstagram,#charly,#macro_love,#tagsta_travel,#socaltrucks,#businesspassion,#horses,#realestategoals
#golfingaround,#politicalmemes,#landroverlove,#rehab,#studentaffairs,#drinkwater,#oatmealporn,#winters,#my,#macromania,#travelawesome#tagstagram,#truckstagram#motorcycle,#businessmotivation,#horseback,#realestateporn
#golfingfun,#potus,#classiclandrover,#successquotes,#funny,#drinkin,#smoothiebowl,#wintersun,#dear,#macrophotos,#vacation,#motor,#businessowners,#horseworld,#realestatesales
#basketballshoes,#americafirst,#vintagelandrover,#twelvesteps,#meme,#drinkinggames,#oats,#winterweather,#love,#macro_flower,#vacationmode,#motorcycles,#businesscoaching,#horseman,#realestatevideo
#basketballs,#walkaway,#militarylandrover,#depression,#blm,#drinkstagram,#pastalover,#tagsta_nature,#sadosmanlƒ±,#macroshot,#vacationstyle,#motorcross,#businessstrategy,#horseaddict,#realestatemiami
#basketballedits,#deepstate,#britisharmylandrover,#publicspeaker,#omegapsiphi,#drinkspecials,#tofu,#winterholiday,#turkey,#macrophoto,#vacationhome,#motorex,#businessminded,#horephotography,#realestatephoto
#basketballlovers,#redpill,#britisharmy,#motivationalquotes,#latinx,#drinklocalbeer,#vegetal,#winterlandscape,#adana,#macrophotographyworld,#vacationtime,#motorcyclist,#businesslife,#horsemanship,#realestateteam
#basketballtraining,#republican,#britishmilitary,#drugoverdose,#dank,#drinkfresh,#vegetables,#tagstagramers,#demetaltƒ±nyeleklioƒülu,#macrogrammers,#tagsta,#tagstagram,#businessplanning,#horseofinstagram,#realestatebrokers
#basketballers,#republicanmemes,#ambulance,#overdose,#advocacy,#drinktea,#mangermieux,#winterwarmer,#moskofcariyeh√ºrrem¬†,#photography,#tagstagramers,#tagsta_auto¬†,#businessgrowth#professional,#horsephotographer,#realestateagents
#basketball_shouts_,#conservative,#withmytamron,#quotesgram,#wokewednesdays,#drinkmorewater,#mangersain,#winterbreak,#love4ever,#macrolovers#tagstagram,#vacationmodeon,#tagsta,#professionaldevelopment,#horsetraining,#realestatebroker#yacht
#tagsta.3,#conservativememes,#bedreamerthey,#blackmetal,#sigmagammarho,#tagstagram,#fitfood,#winterphotography,#firstkiss,#blackandwhites,#vacationmode,#tagstagramers,#tagstagram,#horseshowlife,#yachtparty
#tagstagramers.2,#republicanparty,#peace,#deathmetal,#wokeaf,#pizza,#diet,#winterseason,#valentinespecial,#blackandwhite_photos,#vacationlife,#motorbike,#tagstagramers,#horseoftheday,#tagsta
#basketballworkout,#republicans,#family,#heavymetal,#metoo,#pizzapizza,#dietfood,#winteriscoming,#lovestories,#blackandwhitetattoo,#vacationland,#motorcycling,#professionalwomen,#horsesofinstagram,#yachtmaster
#basketballgame,#politicalscience,#syria,#extrememetal,#dankmemes,#pizzagourmet,#vegetarianrecipes,#wintervacation,#alloccasions,#blackandwhitewedding,#vacationvibes,#motors,#professionalmen,#horsecrazy,#yachtlife
#basketballplayer,#politicalnewsuÃÅjabb,#iraq,#eletronicmusic,#alllivesmatter,#pizzapizzapizza,#plantbaseddiet,#winterstyle,#specialperson,#blackandwhitehome,#londonfood,#motorcycleporn,#tagsta¬†,#horseportrait,#tagstgramers
#basketballplayers,#initiative,#donations,#intothenight,#cringe,#dailypizza,#healthybreakfast,#wintermorning,#coupleslove,#blackandwhite_art,#londoneye,#motorhead,#professionals,#horsefashion,#yachtweek
#basketballgirls#nhl,#unity,#charity,#intothevoid,#white,#pizzaholic,#vegancomfortfood,#wintergetaway#fall,#mygirlfriend,#blackandwhitestyle,#londonbylondoners,#motorcyclemafia,#professionalism,#horsejumping,#yachtweekcroatia
#nhlplayoffs,#sectional,#donate,#blackmagikofthemind,#memes,#pizzacasera,#veganized,#autumn,#valentinesgift,#classic,#london_city_photo,#motorcyle,#professionalphoto,#horseblogger#tagstagram,#yachts
#nhl19,#kharadi,#nonprofit,#existenceispunishment,#latino,#pizzaitaliana,#vegan,#fallfashion,#hug,#classicphotography,#londoner,#motorcylclesofinstagram,#tagsta_business,#birds,#tagstagram
#nhlmemes,#royal,#fundraising,#blutausnord,#immigration,#pizzapie,#veganfood,#fallcolors,#valentinesideas,#photostyle,#londondiaries,#motorsport,#professionalgrowth,#birdsofprey,#yachtcharter
#nhldraft,#political,#community,#mycophile,#rainbowbaby,#pizzalovers,#tagsta,#tagsta,#valentinestreat,#blackandwhitephoto,#london_enthusiast,#motorcycle_moment,#professionalservices,#birdsofinstagram,#yachtmanagement
#nhlallstar,#trump,#help,#csurams,#ssparents,#pizzaforever,#veganismo,#fallcollection,#valentinesdaygifts,#bnwcaptures,#tagsta,#motorbikes#suv,#professionalwoman,#birdsofparadise,#yachttender
#hockeygirls,#maga,#support,#coloradostateuniversity,#rainbowfamily,#tagstagram,#veganuary,#fallphotography,#bestgiftever,#bnw,#londonarchitecture,#luxurysuv,#professionalman#finance,#birds_matter,#yachtphotography
#hockeyskates,#kag,#love,#mycorrhizae,#gaydads,#sushi,#tagstagram,#tagstagram,#happyvalentine,#editor,#londonforyou,#suvlife,#tagstagram,#birdshots,#yachtlover
#tagstagram.1,#kag2020,#giveback,#soilfoodweb,#lgbt,#sushiburrito,#vegans,#falldecorations,#bemyvalentine,#supernaturaledits,#londonfoodie,#bigcars,#finances,#birds_brilliance,#boatliving
#hockeyfan,#keepamericagreat,#volunteer,#soilscienceNature,#lgbtparents,#sushitime,#veganaf,#fallweather,#happyvalentines2020,#editing,#londonsbest#tagstagram,#tagstagram,#tagsta¬†,#birds_perfection¬†,#boatparty
#hockeyfamily,#libertarianmemes,#givingback,#tripping,#gayparents,#sushis,#veganweightloss,#falldecor,#beminevalentine,#edited,#spain,#tagsta_auto¬†,#personalfinances,#birdsonearth,#boating
#hockeyseason,#socialistmemes,#donation,#psilocybe,#love,#sushico,#veganfoodshare,#tagsta_nature,#valentinegift,#loveedits,#spaintravel,#lexus,#tagsta_business,#birds_illilife,#boat
#hockeyfight,#politicalcompass,#fundraiser,#deepdream,#familyiseverything,#sushii,#veganfoodspot,#fallleaves,#vday,#edit_perfection,#spain_vacations,#bmw,#financeavailable#marketingdigital,#birds_adored,#boatlifestyle
#hockeyplayers,#leftistmemes,#policiamilitar,#stonedape,#fatherhood,#sushimaki,#veganrecipe,#falllooks,#happiness,#editors,#spaintourism,#mercedesbenzamg,#marketingstrategy,#birds_of_instagram,#boattrip#privatejet
#hockeydad,#politicsmemes,#pmesp,#hallucinogen,#gayparenting,#sashimi,#veganfoodlovers,#tagsta,#friends,#abstractartist,#spainpassion,#mercedesgle,#marketingagency,#birdsplanet#tagstagram,#flyingprivate
#tagsta.4,#leftist,#policia,#aoty2019,#gay,#sushibox,#veganjunkfood,#springbreak,#photooftheday,#artist,#spaintattoo,#rollsroycecullinan,#marketinglife,#owltattoos,#tagsta
#tagstagramers.3,#eyes,#militar,#top20albumsof2019,#lgbtq,#sushiart,#veganforanimals,#springflowers,#cute,#abstractpainting,#spainfood,#g63amg,#marketingquotes,#owly,#flyprivate
#softballmoms,#personality,#militares,#recordcollector,#queer,#ilovesushi,#vegan,#springtime,#me,#abstracts,#spain_greatshots,#rangeroverworld,#marketingplan,#owldrawing,#privateplane
#tagstagramers.4,#sections,#policiais,#recordcollection,#lovewins,#sushilover,#organic,#tagsta_nature,#instagood,#abstract_art,#tagsta_travel,#carshopping,#marketingteam,#owlstagram_feature,#flying
#surfer,#punekar,#essd,#northerncolorado,#gayhistory,#winetasting,#glutenfree,#springoutfit,#picoftheday,#fisheyelens,#australianfashion,#tagsta_auto¬†,#startups,#snowyowl,#planes
#surfcasting,#delhiblogger,#essgt,#coloradolocal,#equalrightswho,#winelover,#plantbased,#sunrise,#love,#fisheyephoto,#mexicocity,#offroadnation,#startupstory,#barnowl,#privateplanes
#surf_shots,#delhifoodie,#apmbb,#420,#feminism,#winelovers,#animalsmatter,#sunrise_sunset_photogroup,#beautiful,#fisheye_effect,#mexicovacation,#offroader,#startupbusineses,#tawnyowl,#mansionparty
#surfline,#delhitravelblogger,#barrobranco,#710,#girlpower,#winery,#assassins,#sunrises,#smile,#fisheyemag,#mexicoretratos,#offroadlights,#tagsta,#owlstagram,#mansionhouse
