Manchesterâ€™s very own. Snowy OwlÂ® on &amp; off since '16 â„ï¸ğŸ¦‰Â®ï¸ https://t.co/sGScx47nRG #snowyowl #delaneyxmadej https://t.co/ZOlov3vAai 
Gyalchester â„ï¸ğŸ¦‰Â®ï¸ https://t.co/sGScx47nRG #snowyowl #delaneyxmadej https://t.co/1e4eqMYFUa 
this is my most satisfying piecepreyer snowey owl.#snowyowl https://t.co/OGgqPnZsY7 
Snowy OwlÂ® to world ğŸŒ https://t.co/sGScx47nRG #snowyowl #delaneyxmadej https://t.co/bcWxJ9JBit 
Snowy OwlÂ® â„ï¸ğŸ¦‰Â®ï¸https://t.co/sGScx47nRG #snowyowl #delaneyxmadej https://t.co/onKZSebXkH 
The Wizarding World of Harry Potter Snowy Owl Plush Hand Puppet 12" with Rotating Head #harrypotter #snowyowlâ€¦ https://t.co/pDObx8R81R 
ãŠã¯ã‚ˆã†ã”ã–ã„ã¾ã™10/17ã€æ—¥ã€‘#ã‚·ãƒ­ãƒ•ã‚¯ãƒ­ã‚¦ï¼ãƒ‘ãƒ¼ãƒ«â™‚ï½œæ’®å½±ï¼šãŠã³ã²ã‚å‹•ç‰©åœ’ï¼#å¸¯åºƒ #obihirozoo #snowyowl https://t.co/WhXtK5DMJH 
Mix &amp; Match.Â â„ï¸ğŸ¦‰2 for Â£30 on all beanies use code:BEANIE2FOR30https://t.co/sGScx47nRG #snowyowl #delaneyxmadej https://t.co/mdZZpeIFDn 
What song do you think is he singing??  #snowyowl https://t.co/W7cGZt8Qg9 
Snowy OwlÂ® White and Gold Pin ğŸ˜ğŸ˜https://t.co/sGScx47nRG #snowyowl #delaneyxmadej https://t.co/AEY2hsFgha 
Snowy OwlÂ® Mustard &amp; Ketchup beanie â„ï¸ğŸ¦‰Â®ï¸https://t.co/sGScx47nRG #snowyowl #delaneyxmadej https://t.co/zZVIklgjgH 
â„ï¸ğŸ¦‰Â®ï¸https://t.co/sGScx47nRG #snowyowl #delaneyxmadej https://t.co/Z2CApO5T6i 
Snowy OwlÂ® "Homegrown Technique" Sweatshirt Cotton Pink and Logo Config â„ï¸ğŸ¦‰Â®ï¸https://t.co/sGScx47nRG #snowyowlâ€¦ https://t.co/FAa3MyTFvJ 
Madchester â„ï¸ğŸ¦‰Â®ï¸https://t.co/sGScx47nRG #snowyowl #delaneyxmadej https://t.co/jlcsmbC9zT 
å††å±±å†™ã‚“æ­©æš—é—‡ã‹ã‚‰ç‹™ã†***Maruyama zoo walkAiming***ğŸ¦‰ğŸ¦‰#å††å±±å‹•ç‰©åœ’ #ã‚·ãƒ­ãƒ•ã‚¯ãƒ­ã‚¦ #ã¨ã†ãµ#maruyamazoo #snowyowl #tofu https://t.co/Xb2PY65Qjb 
Snowy Owls At Night by de_koro on #Spoonflower https://t.co/bn7is1q9QV#snowyowl #owls #night #nature #moonâ€¦ https://t.co/NClm2Knyxv 
