"TEKTHULHU"Had to go back to my themes at some point right? ;)#digitalart https://t.co/uYD11gtMkx 
#nftart #nftcollectors #NFT #NFTs #CleanNFT #tezos #digitalart #NFTCommunity #NFTdrops #NFTartists #NFTcollectionâ€¦ https://t.co/kvhqGasBuI 
The Time Machine a rare digital artwork by Reva. https://t.co/uRNMBflYrj #raredigitalart #digitalart via @makersplaceco 
ğŸŒ²TimberğŸŒ²I love their big purple eyes! ğŸ˜Commission for @apple_starsky#furry #digitalart #Procreate #fantasyart https://t.co/6BFGVkdA5k 
The carnal spirit (2021) digital artwork #art #nude #SURREALISM #photography #digitalart #selfportrait #artfairâ€¦ https://t.co/GgTsh5uhc5 
How are we feeling about @metasaurs ?#NFTCommunity #nfts #nft #digitalart #crypto 
Me when the @DragonSnow4 #changed #changedgame #changedfurry #furryart #art #digitalart https://t.co/1bmiw1lf08 
jos world#digitalart #myoc #toonstyle #pinup #blonde https://t.co/tjJ2VbPEJv 
Log inDigital artwork by me(3000X3000)#digitalart #artwork #NFTCommunity #mintable #ArtistOnTwitter https://t.co/6pADwnmw6F 
@visualzare Check out @karelys914 on Mintable!#nfts #nft #digitalart #art #cryptoart #artist #raredigitalartâ€¦ https://t.co/Jdu3HehdeQ 
"TEKTHULHU"Had to go back to my themes at some point right? ;)#digitalart https://t.co/uYD11gtMkx 
Finished chibi art for princesskreepy on Toyhouse! #art #digitalart #ArtistOnTwitter #illustration #commissionsopenâ€¦ https://t.co/Q2Sq6U3pFF 
Day 26 just in time! #art #digitalart #inktober #inktober2021 #halloween https://t.co/ndEnHJ2vwx 
Jack Redux. https://t.co/yBULFGfEmrhttps://t.co/PlVTC8WDT1 #art #artshare #artforsale #digitalart #artwork #nftâ€¦ https://t.co/SEkmBC1XId 
Hold On...#digital #digitalart #art #spiritual #healthy #food #interiordesign #beautiful #home #life #lifestyleâ€¦ https://t.co/JdaFcwEVnT 
"TEKTHULHU"Had to go back to my themes at some point right? ;)#digitalart https://t.co/uYD11gtMkx 
@ozyrice I leave here my new sheet of emotesğŸ¤© my commissions are openğŸ’–ğŸ’•#commissionsopen #artist #emotes #digitalartâ€¦ https://t.co/uefi1NhMei 
Working on the piece shared by Travisyard and TheHoundsFamine!#nsfw #furry #anthro #wip #art #drawing #digitalartâ€¦ https://t.co/dP9UoIJfJd 
~Niraa~ Itâ€™s still full of flaws but Iâ€™m working on it ğŸ˜Š #digitalart #brownskingirls #yellowlipstick #bluehairâ€¦ https://t.co/Q2CqYLUJvr 
That look when you Going through a bad day ğŸ˜‘ğŸ˜‘#NFT #NFTCommunity #nftcollector #nftart #digitalart #cartoonarts https://t.co/8qrhE8pq85 
This old friend.. always SUPERMAN !#superman #dccomics #digitalart https://t.co/Isxz5xp6zP 
"TEKTHULHU"Had to go back to my themes at some point right? ;)#digitalart https://t.co/uYD11gtMkx 
@NFT_Globall #nftgaming #nft #nftcollector #cryptoart #art #digitalart #blockchain #crypto #bitcoin #ethereumâ€¦ https://t.co/WV3A4cend1 
New celebrities will be available soon!#nfts #nft #digitalart #artist #ethereum #blockchain #caricature #nftartâ€¦ https://t.co/2wysqGrxhR 
Skull face ğŸ’€Net-casting SpiderScribble art#scribbleart #netcastingspider #illustration #art #drawing #digitalartâ€¦ https://t.co/Y9pW18S0hx 
@NFT_Globall #nftgaming #nft #nftcollector #cryptoart #art #digitalart #blockchain #crypto #bitcoin #ethereumâ€¦ https://t.co/w8teUOZVTh 
@NFT_Globall #nftgaming #nft #nftcollector #cryptoart #art #digitalart #blockchain #crypto #bitcoin #ethereumâ€¦ https://t.co/dxMDygVJ2v 
ğ†ğ®ğ¢ğ§ğğš ğğ¢ğ  ğ€ğ«ğ­ ğšğŸğ­ğğ« 14915 ğ­ğ¢ğ«ğ¢ğ§ğ  ğ¬ğ­ğ«ğ¨ğ¤ğğ¬...ğŸ¥µğŸ˜¤#art #artwork #digitalart #digitalartist #digitalartwork #procreateâ€¦ https://t.co/VcA7H629QO 
@NFT_Globall #nftgaming #nft #nftcollector #cryptoart #art #digitalart #blockchain #crypto #bitcoin #ethereumâ€¦ https://t.co/aBOnOdtC88 
hi!!! itâ€™s my birthday today so yâ€™know what i want??? more art mootsğŸ’– please spread this around!ğŸ¥³ğŸ‚#artmoots #digitalart #ArtistOnTwitter 
Loving Music by #MikeOnih #arte #art #digitalart #artedigital #digitalart #desenho #desenhodigital #draw #inloveâ€¦ https://t.co/tIfZmNggmP 
No context I bet you already know.......#ArtistOnTwitter #art #oc #meme #cute #kawaii #drawing #digitalartâ€¦ https://t.co/yuCp57YSf2 
This old friend.. always SUPERMAN !#superman #dccomics #digitalart https://t.co/Isxz5xp6zP 
"TEKTHULHU"Had to go back to my themes at some point right? ;)#digitalart https://t.co/uYD11gtMkx 
A commission for the lovely @awsum_n00b ğŸ’–Now him and @TheOwlSniper match ğŸ¥°#commission #digitalartâ€¦ https://t.co/Gwr06fy5Zy 
#render #3d #3danimation #3dsmax #vray #photogrammetry  #visualization #VR #AR #digitalart #render #lowpoly #CGIâ€¦ https://t.co/zW96Zovigm 
#nftgaming #nft #nftcollector #cryptoart #art #digitalart #blockchain #crypto #bitcoin #ethereum #nonfungibletokensâ€¦ https://t.co/1r75HzVQKz 
#nftgaming #nft #nftcollector #cryptoart #art #digitalart #blockchain #crypto #bitcoin #ethereum #nonfungibletokensâ€¦ https://t.co/BGltNipxKB 
All compartments stable 2021 #art #digital #painting #digitalart #abstract #glitch #glitchart @glitch @abstractâ€¦ https://t.co/BN5iKt8JhE 
I made Levee a Slime! He also weirdly look like a pumpkin#digitalartists #digitalart #halloween2021 #Halloweenartâ€¦ https://t.co/d0GaVUCoEL 
lil practice#doodle #art #digitalart https://t.co/4YS8I4jMs1 
Soup of the day #digitalart #fineart #digitalpainting #NFTCommunity https://t.co/Pkm6wdeJwE 
Day 26 of #suptober21 #digitalart #samwinchester #JaredPadalecki #2AM https://t.co/lQM9zaTfDc 
This old friend.. always SUPERMAN !#superman #dccomics #digitalart https://t.co/Isxz5xp6zP 
"TEKTHULHU"Had to go back to my themes at some point right? ;)#digitalart https://t.co/uYD11gtMkx 
Thought I'd share some of my environmental work enjoy! #conceptart #digitalart #landscapepainting https://t.co/QSoqyA7Zhl 
@paulsnijder âš¡ï¸American Beautyâš¡ï¸    Digital age art from@the @nftmuseum.art collection #digitalart #3dartâ€¦ https://t.co/M3YWvzhxkg 
My interview in Digital Art Live. "Rick Mosher's Tree Faces" https://t.co/63DEImwGLJ #art #digitalart #Tree #ENTâ€¦ https://t.co/NOadF0mtYP 
#nftgaming #nft #nftcollector #cryptoart #art #digitalart #blockchain #crypto #bitcoin #ethereum #nonfungibletokensâ€¦ https://t.co/9zJZ7nf28t 
#nftgaming #nft #nftcollector #cryptoart #art #digitalart #blockchain #crypto #bitcoin #ethereum #nonfungibletokensâ€¦ https://t.co/p9KIWXKn2S 
Bleeding Neck-#digitalart #originalcharacter #oc https://t.co/qKRe80kyBz 
This old friend.. always SUPERMAN !#superman #dccomics #digitalart https://t.co/Isxz5xp6zP 
"TEKTHULHU"Had to go back to my themes at some point right? ;)#digitalart https://t.co/uYD11gtMkx 
Primeiro desenho no Samsung Tab A7.ğŸ’¥SthefunnyğŸ’¥#artistsontwitter #art #digitalart #originalcharacter https://t.co/Z95ct3G4mX 
a glimpse of serendipity #ãƒ˜ã‚¿ãƒªã‚¢WS #hwsitaly #aphitaly #digitalart https://t.co/BQLoXzmy4m 
Eyes practice #drawingpractice #eyes #digitalart https://t.co/JB7MofCKn9 
this is a bday gift i drew for my friend awhile ago xiao with long hair#xiao #GenshinImpact #digitalart https://t.co/rW06ij5UOW 
Sculptober Day 26 â€œShockâ€Me @SavSculpts @Follygon  #3dmodel #digitalart #3drenderÂ #logodesinger #SpongeBobâ€¦ https://t.co/qK2Wq23FZT 
10/27 HBD to myselfğŸ¥³â¤ï¸ğŸ‚#OC #æ—¥å¸¸ #è½æ›¸ã #drawing #ç•«ç•« #originalcharacter #åŸå‰µ #doodleart #digitalart #rkgk#birthdayâ€¦ https://t.co/jKbJeFq47H 
Vodka sunrise https://t.co/5SaTDrEPO0 #art #artist #artist #artonline #digitalart #photographicart #photographyâ€¦ https://t.co/UB5yxlfcBB 
Abstract for the day! Vengeance #abstract #art #abstractart #digitalart #digital #Affinity #artshare #illustrationâ€¦ https://t.co/c1vYiA3QJF 
fang oct. 2021digital graphite pencilğŸƒ #mabsdrawlloweenclub #mabsdrawlloweenclub2021{ #art #digitalartâ€¦ https://t.co/7B3Pe1nKlz 
#Pinktober Day 12: StrawberryğŸ“-#strawberryshortcake #cartoon #Inktober2021 #digitalart #fanart #strawberry #pinkâ€¦ https://t.co/oEVLsBe5Jt 
