I lov this!!! &lt;4#sketch #WIP #digitalart #digitaldrawing #digitalillustration #ArtistOnTwitter #art https://t.co/QdDFfZhadr 
INKtober day 26United Colors Of Kids #morningkidz #digitalartwork #digitaldrawing #digitalillustrationâ€¦ https://t.co/zMMigpH5wv 
Tags: #liktober2021 #inktober #inktober2021 #promptlist #octoberart #digitalillustration #digitalartâ€¦ https://t.co/Ylh4Y0mv05 
Also did some minor changes#wondereggpriority #wep #digitalart #digitalillustration #drawing #art #animeartâ€¦ https://t.co/dHeGMYLNJg 
woman looks mad as hell #digitalart #digitalillustration https://t.co/OTJbElQ0oX 
portrait number 2 #digitalpainting #digitalillustration #girl #characterdesign #photoshop #paintingâ€¦ https://t.co/JJaBEbKhmr 
I lov this!!! &lt;4#sketch #WIP #digitalart #digitaldrawing #digitalillustration #ArtistOnTwitter #art https://t.co/QdDFfZhadr 
INKtober day 26United Colors Of Kids #morningkidz #digitalartwork #digitaldrawing #digitalillustrationâ€¦ https://t.co/zMMigpH5wv 
Lady of the spring! ðŸŒŠâœ¨ðŸŒŠðŸŒ•âœ¨#digitalart #digitalillustration #artist #ipadpro #procreate #art #ladyofthespringâ€¦ https://t.co/Nmz5xjwQQA 
Maccaluba by Melterin Photography Digital | Art Limited https://t.co/7ZCGBjXGFm #rarible #digitalillustrationâ€¦ https://t.co/G56WObgkcY 
Ruby Red#art #digitalart #painting #digitalpainting #digitalillustration #pixelart #rasterart #visualart #outdoorsâ€¦ https://t.co/zJ4u1FRape 
Oblivioon....#art #artistsoninstagram #artist #digitalpanting #digitalillustration #digitalartist #digitalartâ€¦ https://t.co/dmiYBxSvv3 
Tags: #liktober2021 #inktober #inktober2021 #promptlist #octoberart #digitalillustration #digitalartâ€¦ https://t.co/Ylh4Y0mv05 
Also did some minor changes#wondereggpriority #wep #digitalart #digitalillustration #drawing #art #animeartâ€¦ https://t.co/dHeGMYLNJg 
woman looks mad as hell #digitalart #digitalillustration https://t.co/OTJbElQ0oX 
portrait number 2 #digitalpainting #digitalillustration #girl #characterdesign #photoshop #paintingâ€¦ https://t.co/JJaBEbKhmr 
I lov this!!! &lt;4#sketch #WIP #digitalart #digitaldrawing #digitalillustration #ArtistOnTwitter #art https://t.co/QdDFfZhadr 
