A smart #motorcyclist is always looking for ways to improve I reckon! (Especially in corners &amp; #traffic!) https://t.co/Uii8vHvL3n 
Where are all the motorcyclists on Twitter?  Is there a community here?#motorcycles #motorcyclist 
#La Crosse #motorcyclist injured in two-vehicle crash - Oct 24 @ 6:36 PM ET https://t.co/KHaY2U9vUk 
motion blur photography #panning #motorcyclist #blurredbackground https://t.co/dZDIzwwzWU 
Oh a #motorcyclist knows how this feels! Especially in city #traffic huh? https://t.co/dZsZ9Nc9Df 
#Indianapolis #motorcyclist #dies on I-65 after colliding with a deer - Oct 18 @ 4:09 PM ET https://t.co/oxCnN92Um4 
Leaky seals? Crap MPG? That you can only ride it fast? ðŸ¤ª#Annoying #Motorcycles #motorcyclist https://t.co/evvqWiGvRZ 
1 #motorcyclist #dead after Volusia crash with vehicle on I-4 - Oct 18 @ 10:13 AM ET https://t.co/9yQ8svoqyr 
Joshua Dixon Taylor was a #motorcyclist who was killed and another driver hospitalized in a vehicle crash inâ€¦ https://t.co/sKOJrfAVxq 
A smart #motorcyclist is always looking for ways to improve I reckon! (Especially in corners &amp; #traffic!) https://t.co/Uii8vHvL3n 
Where are all the motorcyclists on Twitter?  Is there a community here?#motorcycles #motorcyclist 
#La Crosse #motorcyclist injured in two-vehicle crash - Oct 24 @ 6:36 PM ET https://t.co/KHaY2U9vUk 
motion blur photography #panning #motorcyclist #blurredbackground https://t.co/dZDIzwwzWU 
Oh a #motorcyclist knows how this feels! Especially in city #traffic huh? https://t.co/dZsZ9Nc9Df 
#Indianapolis #motorcyclist #dies on I-65 after colliding with a deer - Oct 18 @ 4:09 PM ET https://t.co/oxCnN92Um4 
Leaky seals? Crap MPG? That you can only ride it fast? ðŸ¤ª#Annoying #Motorcycles #motorcyclist https://t.co/evvqWiGvRZ 
1 #motorcyclist #dead after Volusia crash with vehicle on I-4 - Oct 18 @ 10:13 AM ET https://t.co/9yQ8svoqyr 
Joshua Dixon Taylor was a #motorcyclist who was killed and another driver hospitalized in a vehicle crash inâ€¦ https://t.co/sKOJrfAVxq 
