Hey #Spartanburg #SC! I'll be @HubCityBookshop TONIGHT 7PM talking #turkey #gratitude &amp; flipping the #thanksgivingâ€¦ https://t.co/0D6dfmkflk 
#rwanda #deik #covid #africa #turkey #mRNA BioNTech strikes deal to open Africaâ€™s first mRNA manufacturing plant https://t.co/TO9hhHTAY4 
Turkey wanted to expel 10 Ambassadors but couldn't achievehttps://t.co/2GEv1uARVD#turkey #nato #osmankavalaâ€¦ https://t.co/R4wMryPsEc 
Istanbul not constantinople. #turkey #greece https://t.co/dsvoRXSvj2 
Your patriarch your pope preach us. #turkey #greece https://t.co/bd9yKEQo8i https://t.co/bmMkWsWrgC 
Shall we drink coffee ? #coldbrew #coffee #happydays #coffeelife #bursa #istanbul #turkey @ Petrov Coffee https://t.co/8czXFa2Vnh 
@CurveFinance #eps#let's go to space##eps #binance #turkey #cz #pump ğŸš€ğŸš€ğŸš€ğŸš€ğŸš€ğŸš€ğŸš€ğŸš€ğŸš€ğŸš€ğŸš€ğŸš€ğŸš€ğŸš€ğŸš€ğŸš€ğŸš€ğŸš€ğŸš€ğŸš€#eps#let's go to space#â€¦ https://t.co/cdbGZ5EgFU 
@kriptoselcuk_ #EPS @Ellipsisfi  #slpcoin EPS COÄ°NNNN ğŸš€ğŸš€ğŸš€ğŸš€ğŸš€ #Binance #turkey #cz #pump @elonmusk #shiba #dogeâ€¦ https://t.co/B8c9u1XLUd 
@CurveFinance #eps#let's go to space##eps #binance #turkey #cz #pump ğŸš€ğŸš€ğŸš€ğŸš€ğŸš€ğŸš€ğŸš€ğŸš€ğŸš€ğŸš€ğŸš€ğŸš€ğŸš€ğŸš€ğŸš€ğŸš€ğŸš€ğŸš€ğŸš€ğŸš€#eps#let's go to space#â€¦ https://t.co/RxknM9vURd 
@CurveFinance #eps#let's go to space##eps #binance #turkey #cz #pump ğŸš€ğŸš€ğŸš€ğŸš€ğŸš€ğŸš€ğŸš€ğŸš€ğŸš€ğŸš€ğŸš€ğŸš€ğŸš€ğŸš€ğŸš€ğŸš€ğŸš€ğŸš€ğŸš€ğŸš€#eps#let's go to space#â€¦ https://t.co/EnD04rIII2 
@CurveFinance #eps#let's go to space##eps #binance #turkey #cz #pump ğŸš€ğŸš€ğŸš€ğŸš€ğŸš€ğŸš€ğŸš€ğŸš€ğŸš€ğŸš€ğŸš€ğŸš€ğŸš€ğŸš€ğŸš€ğŸš€ğŸš€ğŸš€ğŸš€ğŸš€#eps#let's go to space#â€¦ https://t.co/PSypiZ7ahX 
@CurveFinance #eps#let's go to space##eps #binance #turkey #cz #pump ğŸš€ğŸš€ğŸš€ğŸš€ğŸš€ğŸš€ğŸš€ğŸš€ğŸš€ğŸš€ğŸš€ğŸš€ğŸš€ğŸš€ğŸš€ğŸš€ğŸš€ğŸš€ğŸš€ğŸš€#eps#let's go to space#â€¦ https://t.co/nzwG4As3iL 
@CurveFinance #eps#let's go to space##eps #binance #turkey #cz #pump ğŸš€ğŸš€ğŸš€ğŸš€ğŸš€ğŸš€ğŸš€ğŸš€ğŸš€ğŸš€ğŸš€ğŸš€ğŸš€ğŸš€ğŸš€ğŸš€ğŸš€ğŸš€ğŸš€ğŸš€#eps#let's go to space#â€¦ https://t.co/lktF9Y00by 
@CurveFinance #eps#let's go to space##eps #binance #turkey #cz #pump ğŸš€ğŸš€ğŸš€ğŸš€ğŸš€ğŸš€ğŸš€ğŸš€ğŸš€ğŸš€ğŸš€ğŸš€ğŸš€ğŸš€ğŸš€ğŸš€ğŸš€ğŸš€ğŸš€ğŸš€#eps#let's go to space#â€¦ https://t.co/PmGOwLkdHQ 
@CurveFinance #eps#let's go to space##eps #binance #turkey #cz #pump ğŸš€ğŸš€ğŸš€ğŸš€ğŸš€ğŸš€ğŸš€ğŸš€ğŸš€ğŸš€ğŸš€ğŸš€ğŸš€ğŸš€ğŸš€ğŸš€ğŸš€ğŸš€ğŸš€ğŸš€#eps#let's go to space#â€¦ https://t.co/j0ODtMCer9 
@CurveFinance #eps#let's go to space##eps #binance #turkey #cz #pump ğŸš€ğŸš€ğŸš€ğŸš€ğŸš€ğŸš€ğŸš€go to space##eps #binance #turkey #czâ€¦ https://t.co/SlXocMF99K 
@CurveFinance #eps#let's go to space##eps #binance #turkey #cz #pump ğŸš€ğŸš€ğŸš€ğŸš€ğŸš€ğŸš€ğŸš€ğŸš€ğŸš€ğŸš€ğŸš€ğŸš€ğŸš€ğŸš€ğŸš€ğŸš€ğŸš€ğŸš€ğŸš€ğŸš€#eps#let's go to space#â€¦ https://t.co/bgRGR4vE0H 
@CurveFinance #eps#let's go to space##eps #binance #turkey #cz #pump ğŸš€ğŸš€ğŸš€ğŸš€ğŸš€ğŸš€ğŸš€ğŸš€ğŸš€ğŸš€ğŸš€ğŸš€ğŸš€ğŸš€ğŸš€ğŸš€ğŸš€ğŸš€ğŸš€ğŸš€#eps#let's go to space#â€¦ https://t.co/r91TlouJZ5 
@CurveFinance #eps#let's go to space##eps #binance #turkey #cz #pump ğŸš€ğŸš€ğŸš€ğŸš€ğŸš€ğŸš€ğŸš€ğŸš€ğŸš€ğŸš€ğŸš€ğŸš€ğŸš€ğŸš€ğŸš€ğŸš€ğŸš€ğŸš€ğŸš€ğŸš€#eps#let's go to space#â€¦ https://t.co/158CnZRULR 
@CurveFinance #eps#let's go to space##eps #binance #turkey #cz #pump ğŸš€ğŸš€ğŸš€ğŸš€ğŸš€ğŸš€ğŸš€ğŸš€ğŸš€ğŸš€ğŸš€ğŸš€ğŸš€ğŸš€ğŸš€ğŸš€ğŸš€ğŸš€ğŸš€ğŸš€#eps#let's go to space#â€¦ https://t.co/cDdsROfPkp 
@bycoinhunter @gamezone_app #EPS @Ellipsisfi  #slpcoin EPS COÄ°NNNN ğŸš€ğŸš€ğŸš€ğŸš€ğŸš€ #Binance #turkey #cz #pump @elonmuskâ€¦ https://t.co/1qSNadrRaZ 
@borsaressami @certyiana @0xAdvocatus #EPS @Ellipsisfi  #slpcoin EPS COÄ°NNNN ğŸš€ğŸš€ğŸš€ğŸš€ğŸš€ #Binance #turkey #cz #pumpâ€¦ https://t.co/X8tbsAGTbG 
@CurveFinance #eps#let's go to space##eps #binance #turkey #cz #pump ğŸš€ğŸš€ğŸš€ğŸš€ğŸš€ğŸš€ğŸš€ğŸš€ğŸš€ğŸš€ğŸš€ğŸš€ğŸš€ğŸš€ğŸš€ğŸš€ğŸš€ğŸš€ğŸš€ğŸš€#eps#let's go to space#â€¦ https://t.co/I82ZNKHFoV 
@rockerfellerxau #EPS @Ellipsisfi  #slpcoin EPS COÄ°NNNN ğŸš€ğŸš€ğŸš€ğŸš€ğŸš€ #Binance #turkey #cz #pump @elonmusk #shiba #dogeâ€¦ https://t.co/uvbrOR0q0f 
@theKriptolik #EPS @Ellipsisfi  #slpcoin EPS COÄ°NNNN ğŸš€ğŸš€ğŸš€ğŸš€ğŸš€ #Binance #turkey #cz #pump @elonmusk #shiba #dogeâ€¦ https://t.co/YHuylf3Fot 
@Vforrkripto #EPS @Ellipsisfi  #slpcoin EPS COÄ°NNNN ğŸš€ğŸš€ğŸš€ğŸš€ğŸš€ #Binance #turkey #cz #pump @elonmusk #shiba #dogeâ€¦ https://t.co/fPbnSLkIQq 
@IsmetOzkaragoz #EPS @Ellipsisfi  #slpcoin EPS COÄ°NNNN ğŸš€ğŸš€ğŸš€ğŸš€ğŸš€ #Binance #turkey #cz #pump @elonmusk #shiba #dogeâ€¦ https://t.co/r9z2tOmYB2 
@nidasultank #EPS @Ellipsisfi  #slpcoin EPS COÄ°NNNN ğŸš€ğŸš€ğŸš€ğŸš€ğŸš€ #Binance #turkey #cz #pump @elonmusk #shiba #dogeâ€¦ https://t.co/vn0TI2FT3n 
@jocuriarcade #EPS @Ellipsisfi  #slpcoin EPS COÄ°NNNN ğŸš€ğŸš€ğŸš€ğŸš€ğŸš€ #Binance #turkey #cz #pump @elonmusk #shiba #dogeâ€¦ https://t.co/TozGONVdfj 
@TheRealLuisSan #EPS @Ellipsisfi  #slpcoin EPS COÄ°NNNN ğŸš€ğŸš€ğŸš€ğŸš€ğŸš€ #Binance #turkey #cz #pump @elonmusk #shiba #dogeâ€¦ https://t.co/CQqoDhQFNZ 
@WatcherGuru #EPS @Ellipsisfi  #slpcoin EPS COÄ°NNNN ğŸš€ğŸš€ğŸš€ğŸš€ğŸš€ #Binance #turkey #cz #pump @elonmusk #shiba #dogeâ€¦ https://t.co/JGbsXaSMvF 
@WatcherGuru #EPS @Ellipsisfi  #slpcoin EPS COÄ°NNNN ğŸš€ğŸš€ğŸš€ğŸš€ğŸš€ #Binance #turkey #cz #pump @elonmusk #shiba #dogeâ€¦ https://t.co/5x70RREECe 
@elonmusk #EPS @Ellipsisfi  #slpcoin EPS COÄ°NNNN ğŸš€ğŸš€ğŸš€ğŸš€ğŸš€ #Binance #turkey #cz #pump @elonmusk #shiba #dogeâ€¦ https://t.co/qug2XO6OC6 
@eness_turann #EPS @Ellipsisfi  #slpcoin EPS COÄ°NNNN ğŸš€ğŸš€ğŸš€ğŸš€ğŸš€ #Binance #turkey #cz #pump @elonmusk #shiba #dogeâ€¦ https://t.co/EKXTkAFCfT 
@idealistkripto #EPS @Ellipsisfi  #slpcoin EPS COÄ°NNNN ğŸš€ğŸš€ğŸš€ğŸš€ğŸš€ #Binance #turkey #cz #pump @elonmusk #shiba #dogeâ€¦ https://t.co/qANOwSc6k0 
@satoshinkuzeni #EPS @Ellipsisfi  #slpcoin EPS COÄ°NNNN ğŸš€ğŸš€ğŸš€ğŸš€ğŸš€ #Binance #turkey #cz #pump @elonmusk #shiba #dogeâ€¦ https://t.co/acEjjNELzC 
@CryptoErge #EPS @Ellipsisfi  #slpcoin EPS COÄ°NNNN ğŸš€ğŸš€ğŸš€ğŸš€ğŸš€ #Binance #turkey #cz #pump @elonmusk #shiba #dogeâ€¦ https://t.co/cTUVjUnWaR 
@CurveFinance ğŸš€ğŸš€ğŸš€ğŸš€ğŸš€ğŸš€ğŸš€ğŸš€ğŸš€ğŸš€#eps #pump #turkey #curvefinans #pump #cz #binanceğŸš€ğŸš€ğŸš€ğŸš€ğŸš€ğŸš€ğŸš€ğŸš€ğŸš€ğŸš€ğŸ§¨ğŸ§¨ğŸ§¨ğŸ§¨ğŸ§¨ğŸ§¨ğŸ§¨ğŸ§¨ğŸ§¨ELLÄ°PSÄ°S ( EPS )ğŸ§¨ğŸ§¨ğŸ§¨ğŸš€ğŸš€ğŸ§¨ğŸ§¨ğŸ’¯ğŸ’¯ğŸ’¯ğŸ’¯ğŸ§¨ğŸš€ğŸš€ğŸš€ğŸš€ğŸš€ğŸš€.mn 
@CurveFinance ğŸš€ğŸš€ğŸš€ğŸš€ğŸš€ğŸš€ğŸš€ğŸš€ğŸš€ğŸš€#eps #pump #turkey #curvefinans #pump #cz #binanceğŸš€ğŸš€ğŸš€ğŸš€ğŸš€ğŸš€ğŸš€ğŸš€ğŸš€ğŸš€ğŸ§¨ğŸ§¨ğŸ§¨ğŸ§¨ğŸ§¨ğŸ§¨ğŸ§¨ğŸ§¨ğŸ§¨ELLÄ°PSÄ°S ( EPS )ğŸ§¨ğŸ§¨ğŸ§¨ğŸš€ğŸš€ğŸ§¨ğŸ§¨ğŸ’¯ğŸ’¯ğŸ’¯ğŸ’¯ğŸ§¨ğŸš€ğŸš€ğŸš€ğŸš€ğŸš€ğŸš€fghjk 
@CurveFinance ğŸš€ğŸš€ğŸš€ğŸš€ğŸš€ğŸš€ğŸš€ğŸš€ğŸš€ğŸš€#eps #pump #turkey #curvefinans #pump #cz #binanceğŸš€ğŸš€ğŸš€ğŸš€ğŸš€ğŸš€ğŸš€ğŸš€ğŸš€ğŸš€ğŸ§¨ğŸ§¨ğŸ§¨ğŸ§¨ğŸ§¨ğŸ§¨ğŸ§¨ğŸ§¨ğŸ§¨ELLÄ°PSÄ°S ( EPS )ğŸ§¨ğŸ§¨ğŸ§¨ğŸš€ğŸš€ğŸ§¨ğŸ§¨ğŸ’¯ğŸ’¯ğŸ’¯ğŸ’¯ğŸ§¨ğŸš€ğŸš€ğŸš€ğŸš€ğŸš€ğŸš€rty 
@CurveFinance ğŸš€ğŸš€ğŸš€ğŸš€ğŸš€ğŸš€ğŸš€ğŸš€ğŸš€ğŸš€#eps #pump #turkey #curvefinans #pump #cz #binanceğŸš€ğŸš€ğŸš€ğŸš€ğŸš€ğŸš€ğŸš€ğŸš€ğŸš€ğŸš€ğŸ§¨ğŸ§¨ğŸ§¨ğŸ§¨ğŸ§¨ğŸ§¨ğŸ§¨ğŸ§¨ğŸ§¨ELLÄ°PSÄ°S ( EPS )ğŸ§¨ğŸ§¨ğŸ§¨ğŸš€ğŸš€ğŸ§¨ğŸ§¨ğŸ’¯ğŸ’¯ğŸ’¯ğŸ’¯ğŸ§¨ğŸš€ğŸš€ğŸš€ğŸš€ğŸš€ğŸš€asd 
@locksmithcrypto #EPS @Ellipsisfi  #slpcoin EPS COÄ°NNNN ğŸš€ğŸš€ğŸš€ğŸš€ğŸš€ #Binance #turkey #cz #pump @elonmusk #shiba #dogeâ€¦ https://t.co/jFz8HzYpzN 
@CurveFinance #eps #binance #cz #pump #turkey #ElonMusk ğŸ’¥ğŸ’¥ğŸ’¥ğŸ’¥ğŸ’¥ğŸ’¥ğŸ’¥ğŸ’¥ğŸ’¥ğŸ’¥ğŸ’¥ğŸ’¥ğŸ’¥ğŸ’¥ğŸ’¥ğŸ’¥ğŸ’¥ğŸ’¥ğŸ’¥ğŸ’¥ğŸ’¥ğŸ’¥ğŸ’¥ğŸ’¥ğŸ’¥ğŸ’¥ğŸ’¥ğŸ’¥ğŸ’¥ğŸ’¥ğŸš€ğŸš€ğŸš€ğŸš€ğŸš€ğŸš€ğŸš€ğŸš€ğŸš€ğŸš€ğŸš€ğŸš€â˜¹ï¸ğŸš€ğŸš€ğŸš€ğŸš€ğŸš€ğŸš€ğŸš€ğŸš€ğŸš€ğŸš€ğŸš€ğŸš€ğŸš€ğŸš€ğŸš€ğŸš€ğŸš€ğŸš€ğŸš€ğŸš€ğŸš€ğŸš€ğŸš€ğŸš€ğŸš€ğŸš€ğŸš€ğŸš€ğŸš€bacFa 
Curvefinance #eps #binance #turkey #pumpğŸš€ğŸš€ğŸš€ğŸš€ğŸš€ğŸš€ğŸš€ğŸš€ğŸš€ğŸš€ğŸš€ğŸš€ğŸš€ğŸš€ğŸš€ğŸš€ğŸ”¥ğŸ”¥ğŸ”¥ğŸ”¥ğŸ”¥ğŸ”¥ğŸ”¥ğŸ”¥ 
@CurveFinance #eps #binance #cz #pump #turkey #ElonMusk ğŸ’¥ğŸ’¥ğŸ’¥ğŸ’¥ğŸ’¥ğŸ’¥ğŸ’¥ğŸ’¥ğŸ’¥ğŸ’¥ğŸ’¥ğŸ’¥ğŸ’¥ğŸ’¥ğŸ’¥ğŸ’¥ğŸ’¥ğŸ’¥ğŸ’¥ğŸ’¥ğŸ’¥ğŸ’¥ğŸ’¥ğŸ’¥ğŸ’¥ğŸ’¥ğŸ’¥ğŸ’¥ğŸ’¥ğŸ’¥ğŸš€ğŸš€ğŸš€ğŸš€ğŸš€ğŸš€ğŸš€ğŸš€ğŸš€ğŸš€ğŸš€ğŸš€â˜¹ï¸ğŸš€ğŸš€ğŸš€ğŸš€ğŸš€ğŸš€ğŸš€ğŸš€ğŸš€ğŸš€ğŸš€ğŸš€ğŸš€ğŸš€ğŸš€ğŸš€ğŸš€ğŸš€ğŸš€ğŸš€ğŸš€ğŸš€ğŸš€ğŸš€ğŸš€ğŸš€ğŸš€ğŸš€ğŸš€nzjwnbdnd 
@barisbuyuktas #EPS @Ellipsisfi  #slpcoin EPS COÄ°NNNN ğŸš€ğŸš€ğŸš€ğŸš€ğŸš€ #Binance #turkey #cz #pump @elonmusk #shiba #dogeâ€¦ https://t.co/C0SMqRM9DL 
@CurveFinance ğŸš€ğŸš€ğŸš€ğŸš€ğŸš€ğŸš€ğŸš€ğŸš€ğŸš€ğŸš€#eps #pump #turkey #curvefinans #pump #cz #binanceğŸš€ğŸš€ğŸš€ğŸš€ğŸš€ğŸš€ğŸš€ğŸš€ğŸš€ğŸš€ğŸ§¨ğŸ§¨ğŸ§¨ğŸ§¨ğŸ§¨ğŸ§¨ğŸ§¨ğŸ§¨ğŸ§¨ELLÄ°PSÄ°S ( EPS )ğŸ§¨ğŸ§¨ğŸ§¨ğŸš€ğŸš€ğŸ§¨ğŸ§¨ğŸ’¯ğŸ’¯ğŸ’¯ğŸ’¯ğŸ§¨ğŸš€ğŸš€ğŸš€ğŸš€ğŸš€ğŸš€......h 
@CurveFinance ğŸš€ğŸš€ğŸš€ğŸš€ğŸš€ğŸš€ğŸš€ğŸš€ğŸš€ğŸš€#eps #pump #turkey #curvefinans #pump #cz #binanceğŸš€ğŸš€ğŸš€ğŸš€ğŸš€ğŸš€ğŸš€ğŸš€ğŸš€ğŸš€ğŸ§¨ğŸ§¨ğŸ§¨ğŸ§¨ğŸ§¨ğŸ§¨ğŸ§¨ğŸ§¨ELLÄ°PSÄ°S ( EPS )...... 
@CurveFinance ğŸš€ğŸš€ğŸš€ğŸš€ğŸš€ğŸš€ğŸš€ğŸš€ğŸš€ğŸš€#eps #pump #turkey #curvefinans #pump #cz #binanceğŸš€ğŸš€ğŸš€ğŸš€ğŸš€ğŸš€ğŸš€ğŸš€ğŸš€ğŸš€ğŸ§¨ğŸ§¨ğŸ§¨ğŸ§¨ğŸ§¨ğŸ§¨ğŸ§¨ğŸ§¨ğŸ§¨ELLÄ°PSÄ°S ( EPS )ğŸ§¨ğŸ§¨ğŸ§¨ğŸš€ğŸš€ğŸ§¨ğŸ§¨ğŸ’¯ğŸ’¯ğŸ’¯ğŸ’¯ğŸ§¨ğŸš€ğŸš€ğŸš€ğŸš€ğŸš€ğŸš€....... 
@CurveFinance ğŸš€ğŸš€ğŸš€ğŸš€ğŸš€ğŸš€ğŸš€ğŸš€ğŸš€ğŸš€#eps #pump #turkey #curvefinans #pump #cz #binanceğŸš€ğŸš€ğŸš€ğŸš€ğŸš€ğŸš€ğŸš€ğŸš€ğŸš€ğŸš€ğŸ§¨ğŸ§¨ğŸ§¨ğŸ§¨ğŸ§¨ğŸ§¨ğŸ§¨ğŸ§¨ğŸ§¨ELLÄ°PSÄ°S ( EPS )ğŸ§¨ğŸ§¨ğŸ§¨ğŸš€ğŸš€ğŸ§¨ğŸ§¨ğŸ’¯ğŸ’¯ğŸ’¯ğŸ’¯ğŸ§¨ğŸš€ğŸš€ğŸš€ğŸš€ğŸš€ğŸš€.... 
@CurveFinance ğŸš€ğŸš€ğŸš€ğŸš€ğŸš€ğŸš€ğŸš€ğŸš€ğŸš€ğŸš€#eps #pump #turkey #curvefinans #pump #cz #binanceğŸš€ğŸš€ğŸš€ğŸš€ğŸš€ğŸš€ğŸš€ğŸš€ğŸš€ğŸš€ğŸ§¨ğŸ§¨ğŸ§¨ğŸ§¨ğŸ§¨ğŸ§¨ğŸ§¨ğŸ§¨ğŸ§¨ELLÄ°PSÄ°S ( EPS )ğŸ§¨ğŸ§¨ğŸ§¨ğŸš€ğŸš€ğŸ§¨ğŸ§¨ğŸ’¯ğŸ’¯ğŸ’¯ğŸ’¯ğŸ§¨ğŸš€ğŸš€ğŸš€ğŸš€ğŸš€ 
@CurveFinance ğŸš€ğŸš€ğŸš€ğŸš€ğŸš€ğŸš€ğŸš€ğŸš€ğŸš€ğŸš€#eps #pump #turkey #curvefinans #pump #cz #binanceğŸš€ğŸš€ğŸš€ğŸš€ğŸš€ğŸš€ğŸš€ğŸš€ğŸš€ğŸš€ğŸ§¨ğŸ§¨ğŸ§¨ğŸ§¨ğŸ§¨ğŸ§¨ğŸ§¨ğŸ§¨ğŸ§¨ELLÄ°PSÄ°S ( EPS )ğŸ§¨ğŸ§¨ğŸ§¨ğŸš€ğŸš€ğŸ§¨ğŸ§¨ğŸ’¯ğŸ’¯ğŸ’¯ğŸ’¯ğŸ§¨ğŸš€ğŸš€ğŸš€ğŸš€ğŸš€ğŸš€ 
@CurveFinance ğŸš€ğŸš€ğŸš€ğŸš€ğŸš€ğŸš€ğŸš€ğŸš€ğŸš€ğŸš€#eps #pump #turkey #curvefinans #pump #cz #binanceğŸš€ğŸš€ğŸš€ğŸš€ğŸš€ğŸš€ğŸš€ğŸš€ğŸš€ğŸš€ğŸ§¨ğŸ§¨ğŸ§¨ğŸ§¨ğŸ§¨ğŸ§¨ğŸ§¨ğŸ§¨ğŸ§¨ELLÄ°PSÄ°S ( EPS )ğŸ§¨ğŸ§¨ğŸ§¨ğŸš€ğŸš€ğŸ§¨ğŸ§¨ğŸ’¯ğŸ’¯ğŸ’¯ğŸ’¯....... 
@CurveFinance #eps#let's go to space##eps #binance #turkey #cz #pump ğŸš€ğŸš€ğŸš€ğŸš€ğŸš€ğŸš€ğŸš€ğŸš€ğŸš€ğŸš€ğŸš€ğŸš€ğŸš€ğŸš€ğŸš€ğŸš€ğŸš€ğŸš€ğŸš€ğŸš€#eps#let's go to space#â€¦ https://t.co/PyX3T8HO7U 
@CurveFinance ğŸš€ğŸš€ğŸš€ğŸš€ğŸš€ğŸš€ğŸš€ğŸš€ğŸš€ğŸš€#eps #pump #turkey #curvefinans #pump #cz #binanceğŸš€ğŸš€ğŸš€ğŸš€ğŸš€ğŸš€ğŸš€ğŸš€ğŸš€ğŸš€ğŸ§¨ğŸ§¨ğŸ§¨ğŸ§¨ğŸ§¨ğŸ§¨ğŸ§¨ğŸ§¨ğŸ§¨ELLÄ°PSÄ°S ( EPS )ğŸ§¨ğŸ§¨ğŸ§¨ğŸš€ğŸš€ğŸ§¨ğŸ§¨ğŸ’¯ğŸ’¯ğŸ’¯ğŸ’¯... 
@CurveFinance ğŸš€ğŸš€ğŸš€ğŸš€ğŸš€ğŸš€ğŸš€ğŸš€ğŸš€ğŸš€#eps #pump #turkey #curvefinans #pump #cz #binanceğŸš€ğŸš€ğŸš€ğŸš€ğŸš€ğŸš€ğŸš€ğŸš€ğŸš€ğŸš€ğŸ§¨ğŸ§¨ğŸ§¨ğŸ§¨ğŸ§¨ğŸ§¨ğŸ§¨ğŸ§¨ğŸ§¨ELLÄ°PSÄ°S ( EPS )ğŸ§¨ğŸ§¨ğŸ§¨ğŸš€ğŸš€ğŸ§¨ğŸ§¨ğŸ’¯ 
@CurveFinance ğŸš€ğŸš€ğŸš€ğŸš€ğŸš€ğŸš€ğŸš€ğŸš€ğŸš€ğŸš€#eps #pump #turkey #curvefinans #pump #cz #binanceğŸš€ğŸš€ğŸš€ğŸš€ğŸš€ğŸš€ğŸš€ğŸš€ğŸš€ğŸš€ğŸ§¨ğŸ§¨ğŸ§¨ğŸ§¨ğŸ§¨ğŸ§¨ğŸ§¨ğŸ§¨ğŸ§¨ELLÄ°PSÄ°S ( EPS )ğŸ§¨ğŸ§¨ğŸš€ğŸš€ğŸ§¨ğŸ§¨ğŸ’¯ğŸ’¯ğŸ’¯ğŸ’¯ 
@CurveFinance ğŸš€ğŸš€ğŸš€ğŸš€ğŸš€ğŸš€ğŸš€ğŸš€ğŸš€ğŸš€#eps #pump #turkey #curvefinans #pump #cz #binanceğŸš€ğŸš€ğŸš€ğŸš€ğŸš€ğŸš€ğŸš€ğŸš€ğŸš€ğŸš€ğŸ§¨ğŸ§¨ğŸ§¨ğŸ§¨ğŸ§¨ğŸ§¨ğŸ§¨ğŸ§¨ğŸ§¨ELLÄ°PSÄ°S ( EPS )ğŸ§¨ğŸ§¨ğŸ§¨ğŸš€ğŸš€ğŸ§¨ğŸ§¨ğŸ’¯ğŸ’¯ğŸ’¯ 
@CurveFinance ğŸš€ğŸš€ğŸš€ğŸš€ğŸš€ğŸš€ğŸš€ğŸš€ğŸš€ğŸš€#eps #pump #turkey #curvefinans #pump #cz #binanceğŸš€ğŸš€ğŸš€ğŸš€ğŸš€ğŸš€ğŸš€ğŸš€ğŸš€ğŸš€ğŸ§¨ğŸ§¨ğŸ§¨ğŸ§¨ğŸ§¨ğŸ§¨ğŸ§¨ğŸ§¨ğŸ§¨ELLÄ°PSÄ°S ( EPS )ğŸ§¨ğŸ§¨ğŸ§¨ğŸš€ğŸš€ğŸ§¨ğŸ§¨ğŸ’¯ğŸ’¯ğŸ’¯ğŸ’¯ 
@CurveFinance ğŸš€ğŸš€ğŸš€ğŸš€ğŸš€ğŸš€ğŸš€ğŸš€ğŸš€ğŸš€#eps #pump #turkey #curvefinans #pump #cz #binanceğŸš€ğŸš€ğŸš€ğŸš€ğŸš€ğŸš€ğŸš€ğŸš€ğŸš€ğŸš€ğŸ§¨ğŸ§¨ğŸ§¨ğŸ§¨ğŸ§¨ğŸ§¨ğŸ§¨ğŸ§¨ğŸ§¨ELLÄ°PSÄ°S ( EPS )ğŸ§¨ğŸ§¨ğŸ§¨ğŸš€ğŸš€ğŸ§¨ğŸ§¨ğŸ’¯ğŸ’¯ğŸ’¯ 
@CurveFinance ğŸš€ğŸš€ğŸš€ğŸš€ğŸš€ğŸš€ğŸš€ğŸš€ğŸš€ğŸš€#eps #pump #turkey #curvefinans #pump #cz #binanceğŸš€ğŸš€ğŸš€ğŸš€ğŸš€ğŸš€ğŸš€ğŸš€ğŸš€ğŸš€ğŸ§¨ğŸ§¨ğŸ§¨ğŸ§¨ğŸ§¨ğŸ§¨ğŸ§¨ğŸ§¨ğŸ§¨ELLÄ°PSÄ°S ( EPS )ğŸ§¨ğŸ§¨ğŸ§¨ğŸš€ğŸš€ğŸ§¨ğŸ§¨ğŸ’¯ğŸ’¯ğŸ’¯ğŸ’¯ 
@CurveFinance ğŸš€ğŸš€ğŸš€ğŸš€ğŸš€ğŸš€ğŸš€ğŸš€ğŸš€ğŸš€#eps #pump #turkey #curvefinans #pump #cz #binanceğŸš€ğŸš€ğŸš€ğŸš€ğŸš€ğŸš€ğŸš€ğŸš€ğŸš€ğŸš€ğŸ§¨ğŸ§¨ğŸ§¨ğŸ§¨ğŸ§¨ğŸ§¨ğŸ§¨ğŸ§¨ğŸ§¨ELLÄ°PSÄ°S ( EPS ).......ğŸš€ğŸš€ğŸš€ğŸš€ğŸš€ğŸš€ğŸ’¯ğŸ’¯ğŸ’¯ğŸ’¯ 
@CurveFinance ğŸš€ğŸš€ğŸš€ğŸš€ğŸš€ğŸš€ğŸš€ğŸš€ğŸš€ğŸš€#eps #pump #turkey #curvefinans #pump #cz #binanceğŸš€ğŸš€ğŸš€ğŸš€ğŸš€ğŸš€ğŸš€ğŸš€ğŸš€ğŸš€ğŸ§¨ğŸ§¨ğŸ§¨ğŸ§¨ğŸ§¨ğŸ§¨ğŸ§¨ğŸ§¨ğŸ§¨ELLÄ°PSÄ°S ( EPS ). 
@CurveFinance ğŸš€ğŸš€ğŸš€ğŸš€ğŸš€ğŸš€ğŸš€ğŸš€ğŸš€ğŸš€#eps #pump #turkey #curvefinans #pump #cz #binanceğŸš€ğŸš€ğŸš€ğŸš€ğŸš€ğŸš€ğŸš€ğŸš€ğŸš€ğŸš€ğŸ§¨ğŸ§¨ğŸ§¨ğŸ§¨ğŸ§¨ğŸ§¨ğŸ§¨ğŸ§¨ğŸ§¨ELLÄ°PSÄ°S ( EPS )...... 
@CurveFinance ğŸš€ğŸš€ğŸš€ğŸš€ğŸš€ğŸš€ğŸš€ğŸš€ğŸš€ğŸš€#eps #pump #turkey #curvefinans #pump #cz #binanceğŸš€ğŸš€ğŸš€ğŸš€ğŸš€ğŸš€ğŸš€ğŸš€ğŸš€ğŸš€ğŸ§¨ğŸ§¨ğŸ§¨ğŸ§¨ğŸ§¨ğŸ§¨ğŸ§¨ğŸ§¨ğŸ§¨ELLÄ°PSÄ°S ( EPS )... 
@CurveFinance ğŸš€ğŸš€ğŸš€ğŸš€ğŸš€ğŸš€ğŸš€#eps #pump #turkey #curvefinans #pump #cz #binanceğŸš€ğŸš€ğŸš€ğŸš€ğŸš€ğŸš€ğŸš€ğŸš€ğŸš€ğŸš€ğŸ§¨ğŸ§¨ğŸ§¨ğŸ§¨ğŸ§¨ğŸ§¨ğŸ§¨ğŸ§¨ğŸ§¨ELLÄ°PSÄ°S ( EPS ) 
@CurveFinance ğŸš€ğŸš€ğŸš€ğŸš€ğŸš€ğŸš€ğŸš€ğŸš€ğŸš€ğŸš€#eps #pump #turkey #curvefinans #pump #cz #binanceğŸš€ğŸš€ğŸš€ğŸš€ğŸš€ğŸš€ğŸš€ğŸš€ğŸš€ğŸ§¨ğŸ§¨ğŸ§¨ğŸ§¨ğŸ§¨ğŸ§¨ğŸ§¨ğŸ§¨ğŸ§¨ELLÄ°PSÄ°S ( EPS ) 
@CurveFinance ğŸš€ğŸš€ğŸš€ğŸš€ğŸš€ğŸš€ğŸš€ğŸš€ğŸš€ğŸš€#eps #pump #turkey #curvefinans #pump #cz #binanceğŸš€ğŸš€ğŸš€ğŸš€ğŸš€ğŸš€ğŸš€ğŸš€ğŸš€ğŸš€ğŸ§¨ğŸ§¨ğŸ§¨ğŸ§¨ğŸ§¨ğŸ§¨ğŸ§¨ELLÄ°PSÄ°S ( EPS ) 
@CurveFinance ğŸš€ğŸš€ğŸš€ğŸš€ğŸš€ğŸš€ğŸš€ğŸš€ğŸš€ğŸš€#eps #pump #turkey #curvefinans #pump #cz #binanceğŸš€ğŸš€ğŸš€ğŸš€ğŸš€ğŸš€ğŸš€ğŸš€ğŸš€ğŸš€ğŸ§¨ğŸ§¨ğŸ§¨ğŸ§¨ğŸ§¨ğŸ§¨ğŸ§¨ğŸ§¨ğŸ§¨ELLÄ°PSÄ°S ( EPS ) 
@CurveFinance ğŸš€ğŸš€ğŸš€ğŸš€ğŸš€ğŸš€ğŸš€ğŸš€#eps #pump #turkey #curvefinans #pump #cz #binanceğŸš€ğŸš€ğŸš€ğŸš€ğŸš€ğŸš€ğŸš€ğŸš€ğŸš€ğŸš€ğŸ§¨ğŸ§¨ğŸ§¨ğŸ§¨ğŸ§¨ğŸ§¨ğŸ§¨ğŸ§¨ğŸ§¨ELLÄ°PSÄ°S ( EPS ) 
@CurveFinance ğŸš€ğŸš€ğŸš€ğŸš€ğŸš€ğŸš€ğŸš€ğŸš€ğŸš€#eps #pump #turkey #curvefinans #pump #cz #binanceğŸš€ğŸš€ğŸš€ğŸš€ğŸš€ğŸš€ğŸš€ğŸš€ğŸš€ğŸš€ğŸ§¨ğŸ§¨ğŸ§¨ğŸ§¨ğŸ§¨ğŸ§¨ğŸ§¨ğŸ§¨ğŸ§¨ELLÄ°PSÄ°S ( EPS ) 
@CurveFinance ğŸš€ğŸš€ğŸš€ğŸš€ğŸš€ğŸš€ğŸš€ğŸš€ğŸš€ğŸš€#eps #pump #turkey #curvefinans #pump #cz #binanceğŸš€ğŸš€ğŸš€ğŸš€ğŸš€ğŸš€ğŸš€ğŸš€ğŸš€ğŸš€ğŸ§¨ğŸ§¨ğŸ§¨ğŸ§¨ğŸ§¨ğŸ§¨ğŸ§¨ğŸ§¨ğŸ§¨ELLÄ°PSÄ°S ( EPS ) 
@Ellipsisfi #EPS @Ellipsisfi  #slpcoin EPS COÄ°NNNN ğŸš€ğŸš€ğŸš€ğŸš€ğŸš€ #Binance #turkey #cz #pump @elonmusk #shiba #dogeâ€¦ https://t.co/ysIpcdKQtz 
@CurveFinance #eps#let's go to space##eps #binance #turkey #cz #pump ğŸš€ğŸš€ğŸš€ğŸš€ğŸš€ğŸš€ğŸš€ğŸš€ğŸš€ğŸš€ğŸš€ğŸš€ğŸš€ğŸš€ğŸš€ğŸš€ğŸš€ğŸš€ğŸš€ğŸš€#eps#let's go to space#â€¦ https://t.co/08ijFxw042 
@CurveFinance #eps#let's go to space##eps #binance #turkey #cz #pump ğŸš€ğŸš€ğŸš€ğŸš€ğŸš€ğŸš€ğŸš€ğŸš€ğŸš€ğŸš€ğŸš€ğŸš€ğŸš€ğŸš€ğŸš€ğŸš€ğŸš€ğŸš€ğŸš€ğŸš€#eps#let's go to space#â€¦ https://t.co/9rZJwZOyON 
@Selcoin #EPS @Ellipsisfi  #slpcoin EPS COÄ°NNNN ğŸš€ğŸš€ğŸš€ğŸš€ğŸš€ #Binance #turkey #cz #pump @elonmusk #shiba #dogeâ€¦ https://t.co/nRrvlTV21T 
@CurveFinance #eps#let's go to space##eps #binance #turkey #cz #pump ğŸš€ğŸš€ğŸš€ğŸš€ğŸš€ğŸš€ğŸš€ğŸš€ğŸš€ğŸš€ğŸš€ğŸš€ğŸš€ğŸš€ğŸš€ğŸš€ğŸš€ğŸš€ğŸš€ğŸš€#eps#let's go to space#â€¦ https://t.co/B74gXJ55nw 
#pump #turkey #binance #elipsis it is time to hit $50 for #eps 
@ads_bornova @CurveFinance #pump #turkey #binance #elipsis Pump eps now 
@CurveFinance #eps #pump #turkey #curvefinans #pump #cz #binance#eps #pump #turkey #curvefinans #pump #cz #BinanceCoin jdn 
@nopara73 #EPS @Ellipsisfi  #slpcoin EPS COÄ°NNNN ğŸš€ğŸš€ğŸš€ğŸš€ğŸš€ #Binance #turkey #cz #pump @elonmusk #shiba #dogeâ€¦ https://t.co/KTXTarlRZg 
@MasterSqonkey @nopara73 #EPS @Ellipsisfi  #slpcoin EPS COÄ°NNNN ğŸš€ğŸš€ğŸš€ğŸš€ğŸš€ #Binance #turkey #cz #pump @elonmusk #shibaâ€¦ https://t.co/yM0HWsGSen 
@satoshinkuzeni #EPS @Ellipsisfi  #slpcoin EPS COÄ°NNNN ğŸš€ğŸš€ğŸš€ğŸš€ğŸš€ #Binance #turkey #cz #pump @elonmusk #shiba #dogeâ€¦ https://t.co/acEjjNELzC 
@CryptoErge #EPS @Ellipsisfi  #slpcoin EPS COÄ°NNNN ğŸš€ğŸš€ğŸš€ğŸš€ğŸš€ #Binance #turkey #cz #pump @elonmusk #shiba #dogeâ€¦ https://t.co/cTUVjUnWaR 
@CurveFinance ğŸš€ğŸš€ğŸš€ğŸš€ğŸš€ğŸš€ğŸš€ğŸš€ğŸš€ğŸš€#eps #pump #turkey #curvefinans #pump #cz #binanceğŸš€ğŸš€ğŸš€ğŸš€ğŸš€ğŸš€ğŸš€ğŸš€ğŸš€ğŸš€ğŸ§¨ğŸ§¨ğŸ§¨ğŸ§¨ğŸ§¨ğŸ§¨ğŸ§¨ğŸ§¨ğŸ§¨ELLÄ°PSÄ°S ( EPS )ğŸ§¨ğŸ§¨ğŸ§¨ğŸš€ğŸš€ğŸ§¨ğŸ§¨ğŸ’¯ğŸ’¯ğŸ’¯ğŸ’¯ğŸ§¨ğŸš€ğŸš€ğŸš€ğŸš€ğŸš€ğŸš€.mn 
@CurveFinance ğŸš€ğŸš€ğŸš€ğŸš€ğŸš€ğŸš€ğŸš€ğŸš€ğŸš€ğŸš€#eps #pump #turkey #curvefinans #pump #cz #binanceğŸš€ğŸš€ğŸš€ğŸš€ğŸš€ğŸš€ğŸš€ğŸš€ğŸš€ğŸš€ğŸ§¨ğŸ§¨ğŸ§¨ğŸ§¨ğŸ§¨ğŸ§¨ğŸ§¨ğŸ§¨ğŸ§¨ELLÄ°PSÄ°S ( EPS )ğŸ§¨ğŸ§¨ğŸ§¨ğŸš€ğŸš€ğŸ§¨ğŸ§¨ğŸ’¯ğŸ’¯ğŸ’¯ğŸ’¯ğŸ§¨ğŸš€ğŸš€ğŸš€ğŸš€ğŸš€ğŸš€fghjk 
@CurveFinance ğŸš€ğŸš€ğŸš€ğŸš€ğŸš€ğŸš€ğŸš€ğŸš€ğŸš€ğŸš€#eps #pump #turkey #curvefinans #pump #cz #binanceğŸš€ğŸš€ğŸš€ğŸš€ğŸš€ğŸš€ğŸš€ğŸš€ğŸš€ğŸš€ğŸ§¨ğŸ§¨ğŸ§¨ğŸ§¨ğŸ§¨ğŸ§¨ğŸ§¨ğŸ§¨ğŸ§¨ELLÄ°PSÄ°S ( EPS )ğŸ§¨ğŸ§¨ğŸ§¨ğŸš€ğŸš€ğŸ§¨ğŸ§¨ğŸ’¯ğŸ’¯ğŸ’¯ğŸ’¯ğŸ§¨ğŸš€ğŸš€ğŸš€ğŸš€ğŸš€ğŸš€rty 
@CurveFinance ğŸš€ğŸš€ğŸš€ğŸš€ğŸš€ğŸš€ğŸš€ğŸš€ğŸš€ğŸš€#eps #pump #turkey #curvefinans #pump #cz #binanceğŸš€ğŸš€ğŸš€ğŸš€ğŸš€ğŸš€ğŸš€ğŸš€ğŸš€ğŸš€ğŸ§¨ğŸ§¨ğŸ§¨ğŸ§¨ğŸ§¨ğŸ§¨ğŸ§¨ğŸ§¨ğŸ§¨ELLÄ°PSÄ°S ( EPS )ğŸ§¨ğŸ§¨ğŸ§¨ğŸš€ğŸš€ğŸ§¨ğŸ§¨ğŸ’¯ğŸ’¯ğŸ’¯ğŸ’¯ğŸ§¨ğŸš€ğŸš€ğŸš€ğŸš€ğŸš€ğŸš€asd 
@locksmithcrypto #EPS @Ellipsisfi  #slpcoin EPS COÄ°NNNN ğŸš€ğŸš€ğŸš€ğŸš€ğŸš€ #Binance #turkey #cz #pump @elonmusk #shiba #dogeâ€¦ https://t.co/jFz8HzYpzN 
@CurveFinance #eps #binance #cz #pump #turkey #ElonMusk ğŸ’¥ğŸ’¥ğŸ’¥ğŸ’¥ğŸ’¥ğŸ’¥ğŸ’¥ğŸ’¥ğŸ’¥ğŸ’¥ğŸ’¥ğŸ’¥ğŸ’¥ğŸ’¥ğŸ’¥ğŸ’¥ğŸ’¥ğŸ’¥ğŸ’¥ğŸ’¥ğŸ’¥ğŸ’¥ğŸ’¥ğŸ’¥ğŸ’¥ğŸ’¥ğŸ’¥ğŸ’¥ğŸ’¥ğŸ’¥ğŸš€ğŸš€ğŸš€ğŸš€ğŸš€ğŸš€ğŸš€ğŸš€ğŸš€ğŸš€ğŸš€ğŸš€â˜¹ï¸ğŸš€ğŸš€ğŸš€ğŸš€ğŸš€ğŸš€ğŸš€ğŸš€ğŸš€ğŸš€ğŸš€ğŸš€ğŸš€ğŸš€ğŸš€ğŸš€ğŸš€ğŸš€ğŸš€ğŸš€ğŸš€ğŸš€ğŸš€ğŸš€ğŸš€ğŸš€ğŸš€ğŸš€ğŸš€bacFa 
Curvefinance #eps #binance #turkey #pumpğŸš€ğŸš€ğŸš€ğŸš€ğŸš€ğŸš€ğŸš€ğŸš€ğŸš€ğŸš€ğŸš€ğŸš€ğŸš€ğŸš€ğŸš€ğŸš€ğŸ”¥ğŸ”¥ğŸ”¥ğŸ”¥ğŸ”¥ğŸ”¥ğŸ”¥ğŸ”¥ 
@CurveFinance #eps #binance #cz #pump #turkey #ElonMusk ğŸ’¥ğŸ’¥ğŸ’¥ğŸ’¥ğŸ’¥ğŸ’¥ğŸ’¥ğŸ’¥ğŸ’¥ğŸ’¥ğŸ’¥ğŸ’¥ğŸ’¥ğŸ’¥ğŸ’¥ğŸ’¥ğŸ’¥ğŸ’¥ğŸ’¥ğŸ’¥ğŸ’¥ğŸ’¥ğŸ’¥ğŸ’¥ğŸ’¥ğŸ’¥ğŸ’¥ğŸ’¥ğŸ’¥ğŸ’¥ğŸš€ğŸš€ğŸš€ğŸš€ğŸš€ğŸš€ğŸš€ğŸš€ğŸš€ğŸš€ğŸš€ğŸš€â˜¹ï¸ğŸš€ğŸš€ğŸš€ğŸš€ğŸš€ğŸš€ğŸš€ğŸš€ğŸš€ğŸš€ğŸš€ğŸš€ğŸš€ğŸš€ğŸš€ğŸš€ğŸš€ğŸš€ğŸš€ğŸš€ğŸš€ğŸš€ğŸš€ğŸš€ğŸš€ğŸš€ğŸš€ğŸš€ğŸš€nzjwnbdnd 
@barisbuyuktas #EPS @Ellipsisfi  #slpcoin EPS COÄ°NNNN ğŸš€ğŸš€ğŸš€ğŸš€ğŸš€ #Binance #turkey #cz #pump @elonmusk #shiba #dogeâ€¦ https://t.co/C0SMqRM9DL 
@CurveFinance ğŸš€ğŸš€ğŸš€ğŸš€ğŸš€ğŸš€ğŸš€ğŸš€ğŸš€ğŸš€#eps #pump #turkey #curvefinans #pump #cz #binanceğŸš€ğŸš€ğŸš€ğŸš€ğŸš€ğŸš€ğŸš€ğŸš€ğŸš€ğŸš€ğŸ§¨ğŸ§¨ğŸ§¨ğŸ§¨ğŸ§¨ğŸ§¨ğŸ§¨ğŸ§¨ğŸ§¨ELLÄ°PSÄ°S ( EPS )ğŸ§¨ğŸ§¨ğŸ§¨ğŸš€ğŸš€ğŸ§¨ğŸ§¨ğŸ’¯ğŸ’¯ğŸ’¯ğŸ’¯ğŸ§¨ğŸš€ğŸš€ğŸš€ğŸš€ğŸš€ğŸš€......h 
@CurveFinance ğŸš€ğŸš€ğŸš€ğŸš€ğŸš€ğŸš€ğŸš€ğŸš€ğŸš€ğŸš€#eps #pump #turkey #curvefinans #pump #cz #binanceğŸš€ğŸš€ğŸš€ğŸš€ğŸš€ğŸš€ğŸš€ğŸš€ğŸš€ğŸš€ğŸ§¨ğŸ§¨ğŸ§¨ğŸ§¨ğŸ§¨ğŸ§¨ğŸ§¨ğŸ§¨ELLÄ°PSÄ°S ( EPS )...... 
@CurveFinance ğŸš€ğŸš€ğŸš€ğŸš€ğŸš€ğŸš€ğŸš€ğŸš€ğŸš€ğŸš€#eps #pump #turkey #curvefinans #pump #cz #binanceğŸš€ğŸš€ğŸš€ğŸš€ğŸš€ğŸš€ğŸš€ğŸš€ğŸš€ğŸš€ğŸ§¨ğŸ§¨ğŸ§¨ğŸ§¨ğŸ§¨ğŸ§¨ğŸ§¨ğŸ§¨ğŸ§¨ELLÄ°PSÄ°S ( EPS )ğŸ§¨ğŸ§¨ğŸ§¨ğŸš€ğŸš€ğŸ§¨ğŸ§¨ğŸ’¯ğŸ’¯ğŸ’¯ğŸ’¯ğŸ§¨ğŸš€ğŸš€ğŸš€ğŸš€ğŸš€ğŸš€....... 
@CurveFinance ğŸš€ğŸš€ğŸš€ğŸš€ğŸš€ğŸš€ğŸš€ğŸš€ğŸš€ğŸš€#eps #pump #turkey #curvefinans #pump #cz #binanceğŸš€ğŸš€ğŸš€ğŸš€ğŸš€ğŸš€ğŸš€ğŸš€ğŸš€ğŸš€ğŸ§¨ğŸ§¨ğŸ§¨ğŸ§¨ğŸ§¨ğŸ§¨ğŸ§¨ğŸ§¨ğŸ§¨ELLÄ°PSÄ°S ( EPS )ğŸ§¨ğŸ§¨ğŸ§¨ğŸš€ğŸš€ğŸ§¨ğŸ§¨ğŸ’¯ğŸ’¯ğŸ’¯ğŸ’¯ğŸ§¨ğŸš€ğŸš€ğŸš€ğŸš€ğŸš€ğŸš€.... 
@CurveFinance ğŸš€ğŸš€ğŸš€ğŸš€ğŸš€ğŸš€ğŸš€ğŸš€ğŸš€ğŸš€#eps #pump #turkey #curvefinans #pump #cz #binanceğŸš€ğŸš€ğŸš€ğŸš€ğŸš€ğŸš€ğŸš€ğŸš€ğŸš€ğŸš€ğŸ§¨ğŸ§¨ğŸ§¨ğŸ§¨ğŸ§¨ğŸ§¨ğŸ§¨ğŸ§¨ğŸ§¨ELLÄ°PSÄ°S ( EPS )ğŸ§¨ğŸ§¨ğŸ§¨ğŸš€ğŸš€ğŸ§¨ğŸ§¨ğŸ’¯ğŸ’¯ğŸ’¯ğŸ’¯ğŸ§¨ğŸš€ğŸš€ğŸš€ğŸš€ğŸš€ 
@CurveFinance ğŸš€ğŸš€ğŸš€ğŸš€ğŸš€ğŸš€ğŸš€ğŸš€ğŸš€ğŸš€#eps #pump #turkey #curvefinans #pump #cz #binanceğŸš€ğŸš€ğŸš€ğŸš€ğŸš€ğŸš€ğŸš€ğŸš€ğŸš€ğŸš€ğŸ§¨ğŸ§¨ğŸ§¨ğŸ§¨ğŸ§¨ğŸ§¨ğŸ§¨ğŸ§¨ğŸ§¨ELLÄ°PSÄ°S ( EPS )ğŸ§¨ğŸ§¨ğŸ§¨ğŸš€ğŸš€ğŸ§¨ğŸ§¨ğŸ’¯ğŸ’¯ğŸ’¯ğŸ’¯ğŸ§¨ğŸš€ğŸš€ğŸš€ğŸš€ğŸš€ğŸš€ 
@CurveFinance ğŸš€ğŸš€ğŸš€ğŸš€ğŸš€ğŸš€ğŸš€ğŸš€ğŸš€ğŸš€#eps #pump #turkey #curvefinans #pump #cz #binanceğŸš€ğŸš€ğŸš€ğŸš€ğŸš€ğŸš€ğŸš€ğŸš€ğŸš€ğŸš€ğŸ§¨ğŸ§¨ğŸ§¨ğŸ§¨ğŸ§¨ğŸ§¨ğŸ§¨ğŸ§¨ğŸ§¨ELLÄ°PSÄ°S ( EPS )ğŸ§¨ğŸ§¨ğŸ§¨ğŸš€ğŸš€ğŸ§¨ğŸ§¨ğŸ’¯ğŸ’¯ğŸ’¯ğŸ’¯....... 
@CurveFinance #eps#let's go to space##eps #binance #turkey #cz #pump ğŸš€ğŸš€ğŸš€ğŸš€ğŸš€ğŸš€ğŸš€ğŸš€ğŸš€ğŸš€ğŸš€ğŸš€ğŸš€ğŸš€ğŸš€ğŸš€ğŸš€ğŸš€ğŸš€ğŸš€#eps#let's go to space#â€¦ https://t.co/PyX3T8HO7U 
@CurveFinance ğŸš€ğŸš€ğŸš€ğŸš€ğŸš€ğŸš€ğŸš€ğŸš€ğŸš€ğŸš€#eps #pump #turkey #curvefinans #pump #cz #binanceğŸš€ğŸš€ğŸš€ğŸš€ğŸš€ğŸš€ğŸš€ğŸš€ğŸš€ğŸš€ğŸ§¨ğŸ§¨ğŸ§¨ğŸ§¨ğŸ§¨ğŸ§¨ğŸ§¨ğŸ§¨ğŸ§¨ELLÄ°PSÄ°S ( EPS )ğŸ§¨ğŸ§¨ğŸ§¨ğŸš€ğŸš€ğŸ§¨ğŸ§¨ğŸ’¯ğŸ’¯ğŸ’¯ğŸ’¯... 
@CurveFinance ğŸš€ğŸš€ğŸš€ğŸš€ğŸš€ğŸš€ğŸš€ğŸš€ğŸš€ğŸš€#eps #pump #turkey #curvefinans #pump #cz #binanceğŸš€ğŸš€ğŸš€ğŸš€ğŸš€ğŸš€ğŸš€ğŸš€ğŸš€ğŸš€ğŸ§¨ğŸ§¨ğŸ§¨ğŸ§¨ğŸ§¨ğŸ§¨ğŸ§¨ğŸ§¨ğŸ§¨ELLÄ°PSÄ°S ( EPS )ğŸ§¨ğŸ§¨ğŸ§¨ğŸš€ğŸš€ğŸ§¨ğŸ§¨ğŸ’¯ 
@CurveFinance ğŸš€ğŸš€ğŸš€ğŸš€ğŸš€ğŸš€ğŸš€ğŸš€ğŸš€ğŸš€#eps #pump #turkey #curvefinans #pump #cz #binanceğŸš€ğŸš€ğŸš€ğŸš€ğŸš€ğŸš€ğŸš€ğŸš€ğŸš€ğŸš€ğŸ§¨ğŸ§¨ğŸ§¨ğŸ§¨ğŸ§¨ğŸ§¨ğŸ§¨ğŸ§¨ğŸ§¨ELLÄ°PSÄ°S ( EPS )ğŸ§¨ğŸ§¨ğŸš€ğŸš€ğŸ§¨ğŸ§¨ğŸ’¯ğŸ’¯ğŸ’¯ğŸ’¯ 
@CurveFinance ğŸš€ğŸš€ğŸš€ğŸš€ğŸš€ğŸš€ğŸš€ğŸš€ğŸš€ğŸš€#eps #pump #turkey #curvefinans #pump #cz #binanceğŸš€ğŸš€ğŸš€ğŸš€ğŸš€ğŸš€ğŸš€ğŸš€ğŸš€ğŸš€ğŸ§¨ğŸ§¨ğŸ§¨ğŸ§¨ğŸ§¨ğŸ§¨ğŸ§¨ğŸ§¨ğŸ§¨ELLÄ°PSÄ°S ( EPS )ğŸ§¨ğŸ§¨ğŸ§¨ğŸš€ğŸš€ğŸ§¨ğŸ§¨ğŸ’¯ğŸ’¯ğŸ’¯ 
@CurveFinance ğŸš€ğŸš€ğŸš€ğŸš€ğŸš€ğŸš€ğŸš€ğŸš€ğŸš€ğŸš€#eps #pump #turkey #curvefinans #pump #cz #binanceğŸš€ğŸš€ğŸš€ğŸš€ğŸš€ğŸš€ğŸš€ğŸš€ğŸš€ğŸš€ğŸ§¨ğŸ§¨ğŸ§¨ğŸ§¨ğŸ§¨ğŸ§¨ğŸ§¨ğŸ§¨ğŸ§¨ELLÄ°PSÄ°S ( EPS )ğŸ§¨ğŸ§¨ğŸ§¨ğŸš€ğŸš€ğŸ§¨ğŸ§¨ğŸ’¯ğŸ’¯ğŸ’¯ğŸ’¯ 
@CurveFinance ğŸš€ğŸš€ğŸš€ğŸš€ğŸš€ğŸš€ğŸš€ğŸš€ğŸš€ğŸš€#eps #pump #turkey #curvefinans #pump #cz #binanceğŸš€ğŸš€ğŸš€ğŸš€ğŸš€ğŸš€ğŸš€ğŸš€ğŸš€ğŸš€ğŸ§¨ğŸ§¨ğŸ§¨ğŸ§¨ğŸ§¨ğŸ§¨ğŸ§¨ğŸ§¨ğŸ§¨ELLÄ°PSÄ°S ( EPS )ğŸ§¨ğŸ§¨ğŸ§¨ğŸš€ğŸš€ğŸ§¨ğŸ§¨ğŸ’¯ğŸ’¯ğŸ’¯ 
@CurveFinance ğŸš€ğŸš€ğŸš€ğŸš€ğŸš€ğŸš€ğŸš€ğŸš€ğŸš€ğŸš€#eps #pump #turkey #curvefinans #pump #cz #binanceğŸš€ğŸš€ğŸš€ğŸš€ğŸš€ğŸš€ğŸš€ğŸš€ğŸš€ğŸš€ğŸ§¨ğŸ§¨ğŸ§¨ğŸ§¨ğŸ§¨ğŸ§¨ğŸ§¨ğŸ§¨ğŸ§¨ELLÄ°PSÄ°S ( EPS )ğŸ§¨ğŸ§¨ğŸ§¨ğŸš€ğŸš€ğŸ§¨ğŸ§¨ğŸ’¯ğŸ’¯ğŸ’¯ğŸ’¯ 
@CurveFinance ğŸš€ğŸš€ğŸš€ğŸš€ğŸš€ğŸš€ğŸš€ğŸš€ğŸš€ğŸš€#eps #pump #turkey #curvefinans #pump #cz #binanceğŸš€ğŸš€ğŸš€ğŸš€ğŸš€ğŸš€ğŸš€ğŸš€ğŸš€ğŸš€ğŸ§¨ğŸ§¨ğŸ§¨ğŸ§¨ğŸ§¨ğŸ§¨ğŸ§¨ğŸ§¨ğŸ§¨ELLÄ°PSÄ°S ( EPS ).......ğŸš€ğŸš€ğŸš€ğŸš€ğŸš€ğŸš€ğŸ’¯ğŸ’¯ğŸ’¯ğŸ’¯ 
@CurveFinance ğŸš€ğŸš€ğŸš€ğŸš€ğŸš€ğŸš€ğŸš€ğŸš€ğŸš€ğŸš€#eps #pump #turkey #curvefinans #pump #cz #binanceğŸš€ğŸš€ğŸš€ğŸš€ğŸš€ğŸš€ğŸš€ğŸš€ğŸš€ğŸš€ğŸ§¨ğŸ§¨ğŸ§¨ğŸ§¨ğŸ§¨ğŸ§¨ğŸ§¨ğŸ§¨ğŸ§¨ELLÄ°PSÄ°S ( EPS ). 
@CurveFinance #eps#let's go to space##eps #binanceÂ  #turkey #cz #pump ğŸš€ğŸš€ğŸš€ğŸš€ğŸš€ğŸš€ğŸš€ğŸš€ğŸš€ğŸš€ğŸš€ğŸš€ğŸš€ğŸš€ ğŸš€ğŸš€ğŸš€ğŸš€ğŸš€#eps#let's go to space#â€¦ https://t.co/mmERYmu186 
@CurveFinance #eps#let's go to space##eps #binanceÂ  #turkey #cz #pump ğŸš€ğŸš€ğŸš€ğŸš€ğŸš€ğŸš€ğŸš€ğŸš€ğŸš€ğŸš€ğŸš€ğŸš€ğŸš€ğŸš€ğŸš€ğŸš€ğŸš€ğŸš€ğŸš€ğŸš€#eps#let's go to space#â€¦ https://t.co/bbN82Prngr 
@CurveFinance #eps#let's go to space##eps #binanceÂ  #turkey #cz #pump ğŸš€ğŸš€ğŸš€ğŸš€ğŸš€ğŸš€ğŸš€ğŸš€ğŸš€ğŸš€ğŸš€ğŸš€ğŸš€ğŸš€ğŸš€ğŸš€ğŸš€ğŸš€ğŸš€ğŸš€#eps#let's go to space#â€¦ https://t.co/dpU0OdoZnM 
@CurveFinance #eps#let's go to space##eps #binanceÂ  #turkey #cz #pump ğŸš€ğŸš€ğŸš€ğŸš€ğŸš€ğŸš€ğŸš€ğŸš€ğŸš€ğŸš€ğŸš€ğŸš€ğŸš€ğŸš€ğŸš€ğŸš€ğŸš€ğŸš€ğŸš€ğŸš€#eps#let's go to space#â€¦ https://t.co/mj0UGA8qYj 
@CurveFinance #eps#let's go to space##eps #binanceÂ  #turkey #cz #pump ğŸš€ğŸš€ğŸš€ğŸš€ğŸš€ğŸš€ğŸš€ğŸš€ğŸš€ğŸš€ğŸš€ğŸš€ğŸš€ğŸš€ğŸš€ğŸš€ğŸš€ğŸš€ğŸš€ğŸš€#eps#let's go to  space#â€¦ https://t.co/dEaDcVrANV 
@CurveFinance #eps #let's go to space##eps #binance #turkey #cz #pump ğŸš€ğŸš€ğŸš€ğŸš€ğŸš€ğŸš€ğŸš€ğŸš€ğŸš€ğŸš€ğŸš€ğŸš€ğŸš€ğŸš€ğŸš€ğŸš€ğŸš€ğŸš€ğŸš€ğŸš€#eps #let's go to space#â€¦ https://t.co/VTCEfIqa0H 
@CurveFinance #eps#let's go to space##eps #binanceÂ  #turkey #cz #pump ğŸš€ğŸš€ğŸš€ğŸš€ğŸš€ğŸš€ğŸš€ğŸš€ğŸš€ğŸš€ğŸš€ğŸš€ğŸš€ğŸš€ğŸš€ğŸš€ğŸš€ğŸš€ğŸš€#eps#let's go to space #â€¦ https://t.co/5F7t2geJsv 
@CurveFinance #eps#let's go to space##eps #binanceÂ  #turkey #cz #pump ğŸš€ğŸš€ğŸš€ğŸš€ğŸš€ğŸš€ğŸš€ğŸš€ğŸš€ğŸš€ğŸš€ğŸš€ğŸš€ğŸš€ğŸš€ğŸš€ğŸš€ğŸš€ğŸš€ğŸš€#eps#let's go to space#â€¦ https://t.co/QNadmgrG0r 
@CurveFinance #eps#let's go to space##eps #binanceÂ  #turkey #cz #pump ğŸš€ğŸš€ğŸš€ğŸš€ğŸš€ğŸš€ğŸš€ğŸš€ğŸš€ğŸš€ğŸš€ğŸš€ğŸš€ğŸš€ğŸš€ğŸš€ğŸš€ğŸš€ğŸš€ğŸš€#eps#let's go to space #â€¦ https://t.co/bUuBbtGlQ7 
@CurveFinance #eps#let's go to space##eps #binanceÂ  #turkey #cz #pump ğŸš€ğŸš€ğŸš€ğŸš€ğŸš€ğŸš€ğŸš€ğŸš€ğŸš€ğŸš€ğŸš€ğŸš€ğŸš€ğŸš€ğŸš€ğŸš€ğŸš€ğŸš€ğŸš€ğŸš€#eps#let's go to space#â€¦ https://t.co/kZTG8uYmJh 
@CurveFinance #eps#let's go to space##eps #binanceÂ  #turkey #cz #pump ğŸš€ğŸš€ğŸš€ğŸš€ğŸš€ğŸš€ğŸš€ğŸš€ğŸš€ğŸš€ğŸš€ğŸš€ğŸš€ğŸš€ğŸš€ğŸš€ğŸš€ğŸš€ğŸš€#eps#let's  go to space#â€¦ https://t.co/GZnyxx2CRV 
@CurveFinance #eps#let's go to space##eps #binanceÂ  #turkey #cz #pump ğŸš€ğŸš€ğŸš€ğŸš€ğŸš€ğŸš€ğŸš€ğŸš€ğŸš€ğŸš€ğŸš€ğŸš€ğŸš€ğŸš€ğŸš€ğŸš€ğŸš€ğŸš€ğŸš€ğŸš€#eps#let's go to space#â€¦ https://t.co/HANdwv3cAq 
@CurveFinance #EPS #PUMP #cÄ±lgÄ±n #tÃ¼rkler #hakkÄ±mÄ±zÄ± #isteriz #curvefinans #epspump #turkey  #binance #cz #PUMPâ€¦ https://t.co/9XpNdNCIIR 
@CurveFinance #eps#let's go to space##eps #binance #turkey #cz #pump ğŸš€ğŸš€ğŸš€ğŸš€ğŸš€ğŸš€ğŸš€ğŸš€ğŸš€ğŸš€ğŸš€ğŸš€ğŸš€ğŸš€ğŸš€ğŸš€ğŸš€ğŸš€ğŸš€ğŸš€'s go to space##epsâ€¦ https://t.co/3WUTDAp6DH 
@CurveFinance #eps #pump #turkey #curvefinans #pump #cz #BINANCE jshs 
@CurveFinance #eps#let's go to space##eps #binance #turkey #cz #pump ğŸš€ğŸš€ğŸš€ğŸš€ğŸš€ğŸš€ğŸš€ğŸš€ğŸš€ğŸš€ğŸš€ğŸš€ğŸš€ğŸš€ğŸš€ğŸš€ğŸš€ğŸš€ğŸš€ğŸš€#eps#let's go to space#â€¦ https://t.co/BjENgj3lGW 
@CurveFinance #eps#let's go to space##eps #binance #turkey #cz #pump ğŸš€ğŸš€ğŸš€ğŸš€ğŸš€ğŸš€ğŸš€ğŸš€ğŸš€ğŸš€ğŸš€ğŸš€ğŸš€ğŸš€ğŸš€ğŸš€ğŸš€ğŸš€ğŸš€ğŸš€#eps#let's go to space#â€¦ https://t.co/Ep3E8ImNDO 
@CurveFinance #eps#let's go to space##eps #binance #turkey #cz #pump ğŸš€ğŸš€ğŸš€ğŸš€ğŸš€ğŸš€ğŸš€ğŸš€ğŸš€ğŸš€ğŸš€ğŸš€ğŸš€ğŸš€ğŸš€ğŸš€ğŸš€ğŸš€ğŸš€ğŸš€#eps#let's go to space#â€¦ https://t.co/ctrSLDrh0G 
@CurveFinance #eps#let's go to space##eps #binance #turkey #cz #pump ğŸš€ğŸš€ğŸš€ğŸš€ğŸš€ğŸš€ğŸš€ğŸš€ğŸš€ğŸš€ğŸš€ğŸš€ğŸš€ğŸš€ğŸš€ğŸš€ğŸš€ğŸš€ğŸš€ğŸš€#eps#let's go to space#â€¦ https://t.co/ObL5k1RQTC 
@CurveFinance #eps #pump #turkey #curvefinans #pump #cz #binance#eps #pump #turkey #curvefinans #pump #cz #binance#â€¦ https://t.co/mJ4lhkrXFb 
@CurveFinance #eps#let's go to space##eps #binance #turkey #cz #pump ğŸš€ğŸš€ğŸš€ğŸš€ğŸš€ğŸš€ğŸš€ğŸš€ğŸš€ğŸš€ğŸš€ğŸš€ğŸš€ğŸš€ğŸš€ğŸš€ğŸš€ğŸš€ğŸš€ğŸš€#eps#let's go to space#â€¦ https://t.co/xS4ubbd6zg 
@CurveFinance #eps #pump #turkey #curvefinans #pump #cz #BinancePay jsjs 
@CurveFinance #eps#let's go to space##eps #binanceÂ  #turkey #cz #pump ğŸš€ğŸš€ğŸš€ğŸš€ğŸš€ğŸš€ğŸš€ğŸš€ğŸš€ğŸš€ğŸš€ğŸš€ğŸš€ğŸš€ğŸš€ğŸš€iğŸš€ğŸš€ğŸš€ğŸš€#eps#let's  go to space#â€¦ https://t.co/RZT5veUJ9A 
@CurveFinance #eps#let's go to space##eps #binanceÂ  #turkey #cz #pump ğŸš€ğŸš€ğŸš€ğŸš€ğŸš€ğŸš€ğŸš€ğŸš€ğŸš€ğŸš€ğŸš€ğŸš€ğŸš€ğŸš€ğŸš€ğŸš€ğŸš€ğŸš€ğŸš€ğŸš€#eps#let's  go to  space#â€¦ https://t.co/jvKAFdIvT4 
@CurveFinance #eps#let's go to space##eps #binanceÂ  #turkey #cz #pump ğŸš€ğŸš€ğŸš€ğŸš€ğŸš€ğŸš€ğŸš€ğŸš€ğŸš€ğŸš€ğŸš€ğŸš€ğŸš€ğŸš€ğŸš€ğŸš€ğŸš€ğŸš€ğŸš€#eps#let's go to space#â€¦ https://t.co/YCe4jUoyMh 
@CurveFinance #eps#let's go to space##eps #binanceÂ  #turkey #cz #pump ğŸš€ğŸš€ğŸš€ğŸš€ğŸš€ğŸš€ğŸš€ğŸš€ğŸš€ğŸš€ğŸš€ğŸš€ğŸš€ğŸš€ğŸš€ğŸš€ğŸš€ğŸš€ğŸš€#eps#let's go  to space#â€¦ https://t.co/W3Ldu4iM55 
@CurveFinance #eps#let's go to space##eps #binanceÂ  #turkey #cz #pump ğŸš€ğŸš€ğŸš€ğŸš€ğŸš€ğŸš€ğŸš€ğŸš€ğŸš€ğŸš€ğŸš€ğŸš€ğŸš€ğŸš€ğŸš€ğŸš€ğŸš€ğŸš€ğŸš€ğŸš€#eps#let's go to  space#â€¦ https://t.co/mirRgEGsXV 
@CurveFinance #eps#let's go to space##eps #binanceÂ  #turkey #cz #pump ğŸš€ğŸš€ğŸš€ğŸš€ğŸš€ğŸš€ğŸš€ğŸš€ğŸš€ğŸš€ğŸš€ğŸš€ğŸš€ğŸš€ğŸš€ğŸš€ğŸš€ğŸš€ğŸš€ğŸš€#eps#let's go to space#â€¦ https://t.co/LGN7j2OOhl 
@CurveFinance #eps#let's go to space##eps #binanceÂ  #turkey #cz #pump ğŸš€ğŸš€ğŸš€ğŸš€ğŸš€ğŸš€ğŸš€ğŸš€ğŸš€ğŸš€ğŸš€ğŸš€ğŸš€ğŸš€ğŸš€ğŸš€ğŸš€ğŸš€ğŸš€ğŸš€#eps#let's go to space#â€¦ https://t.co/A9l7DucGzG 
@CurveFinance #eps#let's go to space##eps #binanceÂ  #turkey #cz #pump ğŸš€ğŸš€ğŸš€ğŸš€ğŸš€ğŸš€ğŸš€ğŸš€ğŸš€ğŸš€ğŸš€ğŸš€ğŸš€ğŸš€ğŸš€ğŸš€ğŸš€ğŸš€ğŸš€ğŸš€#eps#let's go to  space#â€¦ https://t.co/D0ZEKUdj09 
@CurveFinance #eps#let's go to space##eps #binanceÂ  #turkey #cz #pump ğŸš€ğŸš€ğŸš€ğŸš€ğŸš€ğŸš€ğŸš€ğŸš€ğŸš€ğŸš€ğŸš€ğŸš€ğŸš€ğŸš€ğŸš€ğŸš€ğŸš€ğŸš€ğŸš€#eps#let's go to space#â€¦ https://t.co/eZnph4eLVv 
@CurveFinance #eps#let's go to space##eps #binanceÂ  #turkey #cz #pump ğŸš€ğŸš€ğŸš€ğŸš€ğŸš€ğŸš€ğŸš€ğŸš€ğŸš€ğŸš€ğŸš€ğŸš€ğŸš€ğŸš€ğŸš€ğŸš€ğŸš€ğŸš€ğŸš€#eps#let's go to space#â€¦ https://t.co/xLFA6WDLe4 
@CurveFinance #eps#let's go to space##eps #binanceÂ  #turkey #cz #pump ğŸš€ğŸš€ğŸš€ğŸš€ğŸš€ğŸš€ğŸš€ğŸš€ğŸš€ğŸš€ğŸš€ğŸš€ğŸš€ğŸš€ğŸš€ğŸš€ğŸš€ğŸš€ğŸš€ğŸš€#eps#let's go to  space#â€¦ https://t.co/rgEhid4mvo 
@CurveFinance #eps#let's go to space##eps #binanceÂ  #turkey #cz #pump ğŸš€ğŸš€ğŸš€ğŸš€ğŸš€ğŸš€ğŸš€ğŸš€ğŸš€ğŸš€ğŸš€ğŸš€ğŸš€ğŸš€ğŸš€ğŸš€ğŸš€ğŸš€ğŸš€#eps#let's go to space#â€¦ https://t.co/wX2k4eqHa2 
@CurveFinance #eps#let's go to  space##eps #binanceÂ  #turkey #cz #pump ğŸš€ğŸš€ğŸš€ğŸš€ğŸš€ğŸš€ğŸš€ğŸš€ğŸš€ğŸš€ğŸš€ğŸš€ğŸš€ğŸš€ğŸš€ğŸš€ğŸš€ğŸš€ğŸš€#eps#let's go to space#â€¦ https://t.co/d8kEmEUYWp 
@CurveFinance #eps#let's go to space##eps #binanceÂ  #turkey #cz #pump ğŸš€ğŸš€ğŸš€ğŸš€ğŸš€ğŸš€ğŸš€ğŸš€ğŸš€ğŸš€ğŸš€ğŸš€ğŸš€ğŸš€ğŸš€ğŸš€ğŸš€ğŸš€ğŸš€ğŸš€#eps#let's go to space#â€¦ https://t.co/XCqynlSoo1 
@CurveFinance #eps#let's go to space##eps #binanceÂ  #turkey #cz #pump ğŸš€ğŸš€ğŸš€ğŸš€ğŸš€ğŸš€ğŸš€ğŸš€ğŸš€ğŸš€ğŸš€ğŸš€ğŸš€ğŸš€ğŸš€ğŸš€ğŸš€ğŸš€ğŸš€ğŸš€#eps#let's go to space#â€¦ https://t.co/8Q1G6y6Yxa 
@CurveFinance #eps#let's go to space##eps #binance #turkey #cz #pump ğŸš€ğŸš€ğŸš€ğŸš€ğŸš€ğŸš€ğŸš€ğŸš€ğŸš€ğŸš€ğŸš€ğŸš€ğŸš€ğŸš€ğŸš€ğŸš€ğŸš€ğŸš€ğŸš€ğŸš€#eps#let's go to space#â€¦ https://t.co/ACfJMgV49h 
@CurveFinance #eps#let's go to space##eps #binanceÂ  #turkey #cz #pump ğŸš€ğŸš€ğŸš€ğŸš€ğŸš€ğŸš€ğŸš€ğŸš€ğŸš€ğŸš€ğŸš€ğŸš€ğŸš€ğŸš€ğŸš€ğŸš€ğŸš€ğŸš€ğŸš€ğŸš€#eps#let's go  to space#â€¦ https://t.co/zsue4QnpqP 
@CurveFinance #eps#let's go to space##eps #binanceÂ  #turkey #cz #pump ğŸš€ğŸš€ğŸš€ğŸš€ğŸš€ğŸš€ğŸš€ğŸš€ğŸš€ğŸš€ğŸš€ğŸš€ğŸš€ğŸš€ğŸš€ğŸš€ğŸš€ğŸš€ğŸš€ğŸš€#eps#let's go to space##â€¦ https://t.co/6MuLvl9Qgx 
@CurveFinance #eps#let's go to space##eps #binance #turkey #cz #pump ğŸš€ğŸš€ğŸš€ğŸš€ğŸš€ğŸš€ğŸš€ğŸš€ğŸš€ğŸš€ğŸš€ğŸš€ğŸš€ğŸš€ğŸš€ğŸš€ğŸš€ğŸš€ğŸš€ğŸš€#eps#let's go to space#â€¦ https://t.co/oTMQDxuaIo 
@CurveFinance #eps#let's go to space##eps #binanceÂ  #turkey #cz #pump ğŸš€ğŸš€ğŸš€ğŸš€ğŸš€ğŸš€ğŸš€ğŸš€ğŸš€ğŸš€ğŸš€ğŸš€ğŸš€ğŸš€ğŸš€ğŸš€ğŸš€ğŸš€ğŸš€ğŸš€#eps#let's go to space#â€¦ https://t.co/eUQA9OfrbC 
@CurveFinance #eps#let's go to space##eps #binance #turkey #cz #pump ğŸš€ğŸš€ğŸš€ğŸš€ğŸš€ğŸš€ğŸš€ğŸš€ğŸš€ğŸš€ğŸš€ğŸš€ğŸš€ğŸš€ğŸš€ğŸš€ğŸš€ğŸš€ğŸš€ğŸš€#eps#let's go to space#â€¦ https://t.co/lilzx6Zkhq 
@CurveFinance #eps#let's go to space##eps #binanceÂ  #turkey #cz #pump ğŸš€ğŸš€ğŸš€ğŸš€ğŸš€ğŸš€ğŸš€ğŸš€ğŸš€ğŸš€ğŸš€ğŸš€ğŸš€ğŸš€ğŸš€ğŸš€ğŸš€ğŸš€ğŸš€ğŸš€#eps#let's go to space#â€¦ https://t.co/qXhnKTMzsk 
@CurveFinance #eps #pump #turkey #curvefinans #pump #cz #binance tghcd 
@CurveFinance #EPS #pump #turkey # curvefinans # cz #binance ğŸš€ğŸš€ğŸš€ğŸš€ğŸš€ğŸš€ğŸš€ğŸš€ 
@CurveFinance #eps#let's go to space##eps #binance #turkey #cz #pump ğŸš€ğŸš€ğŸš€ğŸš€ğŸš€ğŸš€ğŸš€ğŸš€ğŸš€ğŸš€ğŸš€ğŸš€ğŸš€ğŸš€ğŸš€ğŸš€ğŸš€ğŸš€ğŸš€ğŸš€#eps#let's go to space#â€¦ https://t.co/RHbP6L0Q0j 
@CurveFinance #eps#let's go to space##eps #binanceÂ  #turkey #cz #pump ğŸš€ğŸš€ğŸš€ğŸš€ğŸš€ğŸš€ğŸš€ğŸš€ğŸš€ğŸš€ğŸš€ğŸš€ğŸš€ğŸš€ğŸš€ğŸš€ğŸš€ğŸš€ğŸš€ğŸš€#eps#let's go to space#â€¦ https://t.co/UXNDuKWv9m 
@CurveFinance #eps#let's go to space##eps #binance #turkey #cz #pump ğŸš€ğŸš€ğŸš€ğŸš€ğŸš€ğŸš€ğŸš€ğŸš€ğŸš€ğŸš€ğŸš€ğŸš€ğŸš€ğŸš€ğŸš€ğŸš€ğŸš€ğŸš€ğŸš€ğŸš€#eps#let's go to space#â€¦ https://t.co/30Qd1RzDdA 
@CurveFinance #eps#let's go to space##eps #binanceÂ  #turkey #cz #pump ğŸš€ğŸš€ğŸš€ğŸš€ğŸš€ğŸš€ğŸš€ğŸš€ğŸš€ğŸš€ğŸš€ğŸš€ğŸš€ğŸš€ğŸš€ğŸš€ğŸš€ğŸš€ğŸš€ğŸš€#eps#let's go to space##â€¦ https://t.co/E4wlcW8zke 
@CurveFinance #eps#let's go to space##eps #binance #turkey #cz #pump ğŸš€ğŸš€ğŸš€ğŸš€ğŸš€ğŸš€ğŸš€ğŸš€ğŸš€ğŸš€ğŸš€ğŸš€ğŸš€ğŸš€ğŸš€ğŸš€ğŸš€ğŸš€ğŸš€ğŸš€#eps#let's go to space#â€¦ https://t.co/3OnBTrYaTe 
@CurveFinance #eps #pump #turkey #curvefinans #pump #cz #binance#eps #pump #turkey #curvefinans #pump #cz #binance#â€¦ https://t.co/bvUBYHwDle 
@CurveFinance #eps#let's go to space##eps #binanceÂ  #turkey #cz #pump ğŸš€ğŸš€ğŸš€ğŸš€ğŸš€ğŸš€ğŸš€ğŸš€ğŸš€ğŸš€ğŸš€ğŸš€ğŸš€ğŸš€ğŸš€ğŸš€ğŸš€ğŸš€ğŸš€ğŸš€#eps#let's go to space #â€¦ https://t.co/8MwJOfWVbp 
@CurveFinance #eps#let's go to space##eps #binance #turkey #cz #pump ğŸš€ğŸš€ğŸš€ğŸš€ğŸš€ğŸš€ğŸš€ğŸš€ğŸš€ğŸš€ğŸš€ğŸš€ğŸš€ğŸš€ğŸš€ğŸš€ğŸš€ğŸš€ğŸš€ğŸš€#eps#let's go to space#â€¦ https://t.co/PD4Unm8pYh 
@CurveFinance #eps#let's go to space##eps #binanceÂ  #turkey #cz #pump ğŸš€ğŸš€ğŸš€ğŸš€ğŸš€ğŸš€ğŸš€ğŸš€ğŸš€ğŸš€ğŸš€ğŸš€ğŸš€ğŸš€ğŸš€ğŸš€ğŸš€ğŸš€#eps#let's go to space##epsâ€¦ https://t.co/Uk9aSs3ILp 
@CurveFinance #eps#let's go to space##eps #binanceÂ  #turkey #cz #pump ğŸš€ğŸš€ğŸš€ğŸš€ğŸš€ğŸš€ğŸš€ğŸš€ğŸš€ğŸš€ğŸš€ğŸš€ğŸš€ğŸš€ğŸš€ğŸš€ğŸš€ğŸš€ğŸš€ğŸš€#eps#let's go to space#â€¦ https://t.co/crgZFr6KqM 
@CurveFinance #eps#let's go to space##eps #binanceÂ  #turkey #cz #pump ğŸš€ğŸš€ğŸš€ğŸš€ğŸš€ğŸš€ğŸš€ğŸš€ğŸš€ğŸš€ğŸš€ğŸš€ğŸš€ğŸš€ğŸš€ğŸš€ğŸš€ğŸš€ğŸš€#eps#let's go to space#â€¦ https://t.co/qpxP7HoW09 
@CurveFinance #eps#let's go to space##eps #binanceÂ  #turkey #cz #pump ğŸš€ğŸš€ğŸš€ğŸš€ğŸš€ğŸš€ğŸš€ğŸš€ğŸš€ğŸš€ğŸš€ğŸš€ğŸš€ğŸš€ğŸš€ğŸš€ğŸš€ğŸš€ğŸš€ğŸš€#eps#let's  go to space#â€¦ https://t.co/C2D1u3zSKZ 
@CurveFinance #eps#let's go to space##eps #binanceÂ  #turkey #cz #pump ğŸš€ğŸš€ğŸš€ğŸš€ğŸš€ğŸš€ğŸš€ğŸš€ğŸš€ğŸš€ğŸš€ğŸš€ğŸš€ğŸš€ğŸš€ğŸš€ğŸš€ğŸš€ğŸš€ğŸš€#eps#let's go  to space#â€¦ https://t.co/X2TcrCtxDt 
@CurveFinance #eps#let's go to space##eps #binance #turkey #cz #pump ğŸš€ğŸš€ğŸš€ğŸš€ğŸš€ğŸš€ğŸš€ğŸš€ğŸš€ğŸš€ğŸš€ğŸš€ğŸš€ğŸš€ğŸš€ğŸš€ğŸš€ğŸš€ğŸš€ğŸš€#eps#let's go to space#â€¦ https://t.co/wcCiYuR4LC 
@CurveFinance #eps #pump #turkey #curvefinans #pump #cz #BINANCE bwdj 
@CurveFinance #eps#let's go to space##eps #binanceÂ  #turkey #cz #pump ğŸš€ğŸš€ğŸš€ğŸš€ğŸš€ğŸš€ğŸš€ğŸš€ğŸš€ğŸš€ğŸš€ğŸš€ğŸš€ğŸš€ğŸš€ğŸš€ğŸš€ğŸš€ğŸš€ğŸš€#eps#let's go to space#â€¦ https://t.co/JOXAzAiEbK 
