Check out Blue &amp; Teal ARGYLE 1 One Pair by HAPPY SOCKS Mens 10-13 GOLF Sox Shoe Size 8-12  https://t.co/bBPpS6FCr4 via @eBay #golfer #argyle 
#golf #golfing #golfer #golfcourse #golflife #golfswing #golfclub #golfstagram #golfers #golfaddict #golfgods… https://t.co/kMlRAlyDtP 
Practice #golfer https://t.co/d3e19aGGpn 
titleist t100 irons£400.00 currentlyEnds Tue 26th Oct @ 10:11pmhttps://t.co/na0tWAwlPX#ad #golf #golfer… https://t.co/dgpdYNqE7d 
#golfing #golfer #golfcourse #golflife #pga #instagolf #golfswing #golfstagram #golf https://t.co/zaayFztgSu 
@TODAYshow thinks the Groove Belt is a great gift for your #golfer - We agree! #Golf #GiftGuide #giftsforhim https://t.co/qNdwgcxBgG 
Give take-home trophies that players are excited to win!! https://t.co/W9gLeJkxfU  #Golf #golfer #countryclub #win https://t.co/r0L4pyjF7J 
Fun at the Leap Celebrity Invitational with @ImJohnOHurley @lisaohurley #golf #golfer #golftournament https://t.co/4Hct6oagZR 
Introducing the birdie bong! ---  #golf #golflife #instagolf #golfaddict #golfislife #golfer #arizonagolf… https://t.co/QJ9BY0AK1B 
“These things last forever!”#SurvivorGolfTee #golf #golfer #golfreview #durability https://t.co/BzI7u3YMHx 
It's absolutely bang-on! #golfing #golf #golfer #golflife #golfswing #golfaddict #golfers #golfclub #golftips… https://t.co/LiIaBuFN3k 
100 Best Golfing Tips!! https://t.co/VDjQDac6iK#golf #mk #golflife #golfer #gti #golfing #vw #golfswing… https://t.co/EDbah4ezny 
Get Paid to Play Golf!! https://t.co/httf4K4YVZ#golf #mk #golflife #golfer #gti #golfing #vw #golfswing… https://t.co/RamNjayOEO 
Just look that`s outstanding! #golfing #golf #golfer #golflife #golfswing #golfaddict #golfers #golfclub #golftips… https://t.co/aoMBHNa7EZ 
#Golf #golfer #GolfIsHard  #GolfSchool  #GOLFTV $114.599 USD 458% of $25.000 27 days leftPUTTR: Smart Putting Gre… https://t.co/pWvTPaBxPF 
#Golf #golfer #GolfIsHard  #GolfSchool  #GOLFTV PUTTR: Smart Putting GreenSmart connected putting green with the… https://t.co/nwoqQi6c3r 
The new accessories range from @Golfstream.  Everything you need for winter golf. Next day delivery #Golf #golfer… https://t.co/D3k9VOoBx7 
100 Best Golfing Tips!! https://t.co/VDjQDac6iK#golf #mk #golflife #golfer #gti #golfing #vw #golfswing… https://t.co/EDbah4ezny 
Get Paid to Play Golf!! https://t.co/httf4K4YVZ#golf #mk #golflife #golfer #gti #golfing #vw #golfswing… https://t.co/RamNjayOEO 
Just look that`s outstanding! #golfing #golf #golfer #golflife #golfswing #golfaddict #golfers #golfclub #golftips… https://t.co/aoMBHNa7EZ 
#Golf #golfer #GolfIsHard  #GolfSchool  #GOLFTV $114.599 USD 458% of $25.000 27 days leftPUTTR: Smart Putting Gre… https://t.co/pWvTPaBxPF 
