üíØ MUST READ by Dr. @WesElyMD for #MedTwitter #MedStudentTwitter &amp; #advocacy. ‚ÄúPeoples‚Äô opinion of me went from tr‚Ä¶ https://t.co/aGhb0eIRvj 
#Accountability is an effective tool when correctly understood and used in #advocacy.Join our #PreConference at th‚Ä¶ https://t.co/1u7pTy3MQa 
November 17th @7pm GMT #LongCovid #advocacyüíï https://t.co/97IVOGjRBv 
This my response to people who say participation is not important. How do you change the narrative?#advocacy‚Ä¶ https://t.co/i5s7JWyvy0 
Very excited to be delivering the workshop on an introduction to #advocacy during the #EPSAAC2021. It is important‚Ä¶ https://t.co/5idtQdiodJ 
A brand advocate is simply a fancy name for a fan ‚Äî no matter the age! https://t.co/qhzVfM4IoA #advocacy üì∏ : Jannik https://t.co/24KrZ6lPY6 
My interview with #kabayanconnect #ofwakoincTalking about my #diabetes#advocacy pasa sa mga #Filipino Check out F‚Ä¶ https://t.co/qB4z8nrGur 
@Stickit2Stage4 @ChefGeib Thinking of you &amp; your amazing contributions to #bcsm #advocacy @ChefGeib. From all of u‚Ä¶ https://t.co/YQVUJDoKYw 
üíØ MUST READ by Dr. @WesElyMD for #MedTwitter #MedStudentTwitter &amp; #advocacy. ‚ÄúPeoples‚Äô opinion of me went from tr‚Ä¶ https://t.co/aGhb0eIRvj 
Creating Quotable Quotes for #mediainterviews #presentations #speeches #advocacy efforts. https://t.co/Gf8WL4RV4y 
#Accountability is an effective tool when correctly understood and used in #advocacy.Join our #PreConference at th‚Ä¶ https://t.co/1u7pTy3MQa 
November 17th @7pm GMT #LongCovid #advocacyüíï https://t.co/97IVOGjRBv 
This my response to people who say participation is not important. How do you change the narrative?#advocacy‚Ä¶ https://t.co/i5s7JWyvy0 
Very excited to be delivering the workshop on an introduction to #advocacy during the #EPSAAC2021. It is important‚Ä¶ https://t.co/5idtQdiodJ 
A brand advocate is simply a fancy name for a fan ‚Äî no matter the age! https://t.co/qhzVfM4IoA #advocacy üì∏ : Jannik https://t.co/24KrZ6lPY6 
My interview with #kabayanconnect #ofwakoincTalking about my #diabetes#advocacy pasa sa mga #Filipino Check out F‚Ä¶ https://t.co/qB4z8nrGur 
üíØ MUST READ by Dr. @WesElyMD for #MedTwitter #MedStudentTwitter &amp; #advocacy. ‚ÄúPeoples‚Äô opinion of me went from tr‚Ä¶ https://t.co/aGhb0eIRvj 
Creating Quotable Quotes for #mediainterviews #presentations #speeches #advocacy efforts. https://t.co/Gf8WL4RV4y 
#Accountability is an effective tool when correctly understood and used in #advocacy.Join our #PreConference at th‚Ä¶ https://t.co/1u7pTy3MQa 
November 17th @7pm GMT #LongCovid #advocacyüíï https://t.co/97IVOGjRBv 
This my response to people who say participation is not important. How do you change the narrative?#advocacy‚Ä¶ https://t.co/i5s7JWyvy0 
Very excited to be delivering the workshop on an introduction to #advocacy during the #EPSAAC2021. It is important‚Ä¶ https://t.co/5idtQdiodJ 
A brand advocate is simply a fancy name for a fan ‚Äî no matter the age! https://t.co/qhzVfM4IoA #advocacy üì∏ : Jannik https://t.co/24KrZ6lPY6 
üíØ MUST READ by Dr. @WesElyMD for #MedTwitter #MedStudentTwitter &amp; #advocacy. ‚ÄúPeoples‚Äô opinion of me went from tr‚Ä¶ https://t.co/aGhb0eIRvj 
Meet Brianna Cobb #deaf flight paramedic https://t.co/36J5BOiSYC #advocacy 
Meet Brianna Cobb #deaf flight paramedic https://t.co/6sEZoC5uIu #advocacy 
Have you always wanted to get involved in #advocacy but didn't know how? MSSA makes it easy. Join us for our annual‚Ä¶ https://t.co/PrvAr5kkW3 
Group calls for more #fertility benefits amid 'great resignation'A group of #advocacy groups is calling on compan‚Ä¶ https://t.co/CghehVidx6 
#SchoolLibraries #SchoolLibrarians #advocacy Do you have/like volunteers in the library? https://t.co/o50cxcr8lo 
"We‚Äôre big on #community reciprocation fairness and #advocacy. It‚Äôs wonderful to have a team who lift each other‚Ä¶ https://t.co/hiL9V6Xr1q 
Apply now for #HIV #leadership program. Explore your goals for Community involvement and #advocacy https://t.co/0xk81x8ktd #socialjustice 
Interested in elevating your skills in #healthcare policy &amp; #advocacy? üëâüèºApply here @SocietyGIM Leadership in Heal‚Ä¶ https://t.co/yGgxsPmgj1 
üíØ MUST READ by Dr. @WesElyMD for #MedTwitter #MedStudentTwitter &amp; #advocacy. ‚ÄúPeoples‚Äô opinion of me went from tr‚Ä¶ https://t.co/aGhb0eIRvj 
Great call with the engagement task force from #AORN Get involved! #advocacy #engagement.  Make a difference 
#Job of a lifetime for a leader in #animalwelfare #science #policy &amp; #advocacy @RSPCA currently seeking a new Chi‚Ä¶ https://t.co/dcVXkpb6Ds 
What a great example of member-driven #advocacy at the @ITECAust.  Our members in the #HigherEducation and‚Ä¶ https://t.co/NRQHfxovnW 
‚ÄúSwasthya Sathi‚Äù is a health insurance scheme of which state?#lawyer #JusticeMatters #Legal #advocacy #SupremeCourtofIndia #Quiz 
Searching for ACT UP @peterstaley https://t.co/tMymHfgEQG #advocacy #community #LongTermSurvivors 
Searching for ACT UP @peterstaley https://t.co/pOgoE0oi21 #advocacy #community #LongTermSurvivors 
Looking to get involved with #activism and #advocacy on campus?Staff writer @emm_appel  reports on how DICE is ho‚Ä¶ https://t.co/URP8143heZ 
Spread the word share this message and DONATE.üíú#Sarcoidosis #sarcoidosisretreatandworkshop #advocacy‚Ä¶ https://t.co/9RDvYNLOFh 
