BlackTradeLines Marketing &amp; Advertising - Must Watch!  https://t.co/ImHqoK5EQc#staywoke 
Community Development Projects - Truck Project  #rebuildhttps://t.co/nKcJwOf1AW #soulfood #staywoke 
Lmfao this is what I mean...sis thinks sheâ€™s a starter whole time sheâ€™s the equipment manager ğŸ¤¦ğŸ½â€â™€ï¸! #staywoke https://t.co/ZBQisDeieG 
Actually love the lines this week. HUGE week for underdogs. Picks coming later #value #staywoke 
Community Development Projects - Bus Project @immodernafricanhttps://t.co/3ImW8cVQ93  #blacksintech #staywoke 
Dk still havenâ€™t had a good game against elite corners #staywoke 
Build ur community https://t.co/HAxRR9Gnjs #staywoke https://t.co/l1IvQnyIIO 
Mfs show you their real intentions everyday. #staywoke silly 
@dacoulter @BrittnyAnderso #youngleaderscouncil #staywoke #humanrights #strongerbc #FOI #bcyouth #cdnpoli @WWFâ€¦ https://t.co/pyOLZAjK0M 
if you start to notice ur woman only â€œgetting cute â€œ after yall disagreements to go out with â€œFriendsâ€ ğŸš©ğŸš©ğŸš©â€¦ #staywoke 
Community Development Projects - Truck Project  #rebuildhttps://t.co/nKcJwOf1AW #staywoke #BlackTradeLines 
