At Goyojae (ê³ ìš”ì¬) in Gyeonggi-do you can enjoy  picture perfect views &amp; a delicious assortment of drinks &amp; #dessertsâ€¦ https://t.co/uLa6i5EGaI 
Gelato and chocolate from indonesia!Delicious! #Chocolate #gelato #desserts #MONGOO #JOGJA #ãƒ‡ã‚¶ãƒ¼ãƒˆ https://t.co/KFcr8dcsk1 
Sam Woodâ€™s Yummy Choc Chip PB Muffin Ghosts https://t.co/bUvVt3XQcT #dessert #desserts #bestdesserts 
20 Easy Pumpkin Desserts to Make this Season #pumpkin #pumpkinspice #autumn #fall #dessertrecipes #dessertsâ€¦ https://t.co/f7W0sblqAP 
ğŸ”¥ LIVE NOW !  ğŸ° ğŸ¼ Cooking ! https://t.co/cooGBV7AeE  #foodandbeverages #Food #DIY #meals #desserts #twitchâ€¦ https://t.co/ks0SiZHBDg 
Make these #HEALTHY #desserts at home ... https://t.co/JwMjuQWx8j 
#SaturdayWisdom  Make these #HEALTHY #desserts at home ... https://t.co/JwMjuQWx8j 
#SaturdayMorning  Make these #HEALTHY #desserts at home ... https://t.co/JwMjuQWx8j 
#SaturdayThoughts  Make these #HEALTHY #desserts at home ... https://t.co/JwMjuQWx8j 
https://t.co/AQzRKNxYIv How to make easy Pumpkin Cookies kids love #desserts #snacks 
https://t.co/dSezGszOsL How To Make Butterscotch brownies #desserts #snacks 
Mayverâ€™s Christmas Bark https://t.co/csuE2n6uO4 #dessert #desserts #bestdesserts 
#Tuesdaythoughts: a visit to #HeavenlyDesserts for #Halal #desserts &amp; drinks. You can #choose #takeaway or #dinein.â€¦ https://t.co/fGhuEVuWQ2 
Vintage Style Name glasses!#celebratelife #sweets #desserts #muffin #celebrity #baker #stilettos #shoesâ€¦ https://t.co/t3INC5WtRa 
https://t.co/egSKDzjXFH How to make fudge in a microwave oven i9n four minutes #desserts #snacks 
#Wisdom  Make these #HEALTHY #desserts at home ... https://t.co/JwMjuQWx8j 
Baileyâ€™s Irish Cream Rice PuddingRecipe: https://t.co/OsDDSysrnQ #ricepudding #desserts https://t.co/LFscRqTaMf 
https://t.co/FMyZ43i4Cv The best fudge you will ever make #desserts the best home made fudge you will ever make 
Itâ€™s indulge into @jaffacakes time!!ğŸ¤¤âœŒğŸ»#donut #jaffacake #desserts #yumyum https://t.co/xHIyHExRaE 
Dark brown sugar gives a nice flavor to this #recipe. #desserts  https://t.co/eTdAQMFYmn https://t.co/NJKJJvVj4s 
ğŸ”¥ LIVE NOW !  ğŸ° ğŸ‘©ğŸ³ Cooking ! https://t.co/cooGBV7AeE  #foodandbeverages #Food #DIY #meals #desserts #twitchâ€¦ https://t.co/aWYprhHKc0 
Fallify your menu with some culinary genius: https://t.co/BJ7oAwzeGo..#sweetstreetomg #delicious #dessertsâ€¦ https://t.co/JfrSVXiqXk 
Make these #HEALTHY #desserts at home ... https://t.co/JwMjuQWx8j 
#Fall in love with these #berry sweet #desserts! ğŸ“ https://t.co/xzpZlB0qrV 
Quick and Easy Cottage Cheese Pancakes https://t.co/I2nN7ICiyV #dessert #desserts #bestdesserts 
The #best things in life are #sweets #desserts #VolareChicago #Volare https://t.co/wpNOTYl0G5 
#SaturdayMotivation  Make these #HEALTHY #desserts at home ... https://t.co/JwMjuQWx8j 
How to Make Old-Fashioned Peach Cobbler https://t.co/tt4V5Kz86k #desserts #recipes 
You've got a #sweettooth and we've got the good stuff. Match made in heaven? ğŸ˜ğŸ¤¤ #desserts https://t.co/uAmx9v2yYc 
5 Quick Desserts For Last-Minute Parties â€¢ Tasty https://t.co/P1q4IvaTDV#desserts #food #sweets #dessertâ€¦ https://t.co/qrc7OajFug 
#Foodmanufacturers add #lacticacid to packaged #food products such as #bread #desserts #olives #jams to give them lâ€¦ https://t.co/bNUhzXywRy 
Go Bananas waffle is looking like a snack. ğŸ¤¤ Whatâ€™s your favourite waffle? #desserts  #dessertporn  #sweettoothâ€¦ https://t.co/0BSZUwkt8w 
Vanilla Orange Cake (+ a variation on this recipe to make it a "beer cake")ğŸ‘‰ https://t.co/sI7KJyeV6p#dessertsâ€¦ https://t.co/jZQYE0VbGy 
At Goyojae (ê³ ìš”ì¬) in Gyeonggi-do you can enjoy  picture perfect views &amp; a delicious assortment of drinks &amp; #dessertsâ€¦ https://t.co/uLa6i5EGaI 
Gelato and chocolate from indonesia!Delicious! #Chocolate #gelato #desserts #MONGOO #JOGJA #ãƒ‡ã‚¶ãƒ¼ãƒˆ https://t.co/KFcr8dcsk1 
Sam Woodâ€™s Yummy Choc Chip PB Muffin Ghosts https://t.co/bUvVt3XQcT #dessert #desserts #bestdesserts 
20 Easy Pumpkin Desserts to Make this Season #pumpkin #pumpkinspice #autumn #fall #dessertrecipes #dessertsâ€¦ https://t.co/f7W0sblqAP 
ğŸ”¥ LIVE NOW !  ğŸ° ğŸ¼ Cooking ! https://t.co/cooGBV7AeE  #foodandbeverages #Food #DIY #meals #desserts #twitchâ€¦ https://t.co/ks0SiZHBDg 
Make these #HEALTHY #desserts at home ... https://t.co/JwMjuQWx8j 
#SaturdayWisdom  Make these #HEALTHY #desserts at home ... https://t.co/JwMjuQWx8j 
#SaturdayMorning  Make these #HEALTHY #desserts at home ... https://t.co/JwMjuQWx8j 
#SaturdayThoughts  Make these #HEALTHY #desserts at home ... https://t.co/JwMjuQWx8j 
https://t.co/AQzRKNxYIv How to make easy Pumpkin Cookies kids love #desserts #snacks 
https://t.co/dSezGszOsL How To Make Butterscotch brownies #desserts #snacks 
Mayverâ€™s Christmas Bark https://t.co/csuE2n6uO4 #dessert #desserts #bestdesserts 
#Tuesdaythoughts: a visit to #HeavenlyDesserts for #Halal #desserts &amp; drinks. You can #choose #takeaway or #dinein.â€¦ https://t.co/fGhuEVuWQ2 
Vintage Style Name glasses!#celebratelife #sweets #desserts #muffin #celebrity #baker #stilettos #shoesâ€¦ https://t.co/t3INC5WtRa 
https://t.co/egSKDzjXFH How to make fudge in a microwave oven i9n four minutes #desserts #snacks 
#Wisdom  Make these #HEALTHY #desserts at home ... https://t.co/JwMjuQWx8j 
Baileyâ€™s Irish Cream Rice PuddingRecipe: https://t.co/OsDDSysrnQ #ricepudding #desserts https://t.co/LFscRqTaMf 
https://t.co/FMyZ43i4Cv The best fudge you will ever make #desserts the best home made fudge you will ever make 
Itâ€™s indulge into @jaffacakes time!!ğŸ¤¤âœŒğŸ»#donut #jaffacake #desserts #yumyum https://t.co/xHIyHExRaE 
4 Easy No Bake Dessert Cup Recipe|Eggless Dessert Idea|Yummy https://t.co/BzWxBnsgXE#desserts food #sweetsâ€¦ https://t.co/D1SWx8pNLB 
Delicious 3 Ingredient Pumpkin Chocolate Chip Cookies for Halloween. #halloweendesserts #easydesserts #dessertsâ€¦ https://t.co/35TSJcgGuH 
Cold CocoğŸ˜ğŸ˜‹ From Friends Coffee Bar Perfectly Captured By _collecting_world #coldcoco #desserts https://t.co/pGxAgbXdUz 
Today's Flavors https://t.co/6cttVrgqEt #frozen #desserts 
Take a break and come by and grab your self a treat. #cupcakes #espresso #desserts #coffee #fayetteville https://t.co/Mf7u92rnTj 
Best Carrot Cake with Almonds https://t.co/fSP9B04LP6 #dessert #desserts #bestdesserts 
#SaturdayMotivation  Make these #HEALTHY #desserts at home ... https://t.co/JwMjuQWx8j 
How to Make Old-Fashioned Peach Cobbler https://t.co/tt4V5Kz86k #desserts #recipes 
You've got a #sweettooth and we've got the good stuff. Match made in heaven? ğŸ˜ğŸ¤¤ #desserts https://t.co/uAmx9v2yYc 
5 Quick Desserts For Last-Minute Parties â€¢ Tasty https://t.co/P1q4IvaTDV#desserts #food #sweets #dessertâ€¦ https://t.co/qrc7OajFug 
#Foodmanufacturers add #lacticacid to packaged #food products such as #bread #desserts #olives #jams to give them lâ€¦ https://t.co/bNUhzXywRy 
Go Bananas waffle is looking like a snack. ğŸ¤¤ Whatâ€™s your favourite waffle? #desserts  #dessertporn  #sweettoothâ€¦ https://t.co/0BSZUwkt8w 
Vanilla Orange Cake (+ a variation on this recipe to make it a "beer cake")ğŸ‘‰ https://t.co/sI7KJyeV6p#dessertsâ€¦ https://t.co/jZQYE0VbGy 
At Goyojae (ê³ ìš”ì¬) in Gyeonggi-do you can enjoy  picture perfect views &amp; a delicious assortment of drinks &amp; #dessertsâ€¦ https://t.co/uLa6i5EGaI 
Gelato and chocolate from indonesia!Delicious! #Chocolate #gelato #desserts #MONGOO #JOGJA #ãƒ‡ã‚¶ãƒ¼ãƒˆ https://t.co/KFcr8dcsk1 
Sam Woodâ€™s Yummy Choc Chip PB Muffin Ghosts https://t.co/bUvVt3XQcT #dessert #desserts #bestdesserts 
20 Easy Pumpkin Desserts to Make this Season #pumpkin #pumpkinspice #autumn #fall #dessertrecipes #dessertsâ€¦ https://t.co/f7W0sblqAP 
ğŸ”¥ LIVE NOW !  ğŸ° ğŸ¼ Cooking ! https://t.co/cooGBV7AeE  #foodandbeverages #Food #DIY #meals #desserts #twitchâ€¦ https://t.co/ks0SiZHBDg 
Make these #HEALTHY #desserts at home ... https://t.co/JwMjuQWx8j 
#SaturdayWisdom  Make these #HEALTHY #desserts at home ... https://t.co/JwMjuQWx8j 
#SaturdayMorning  Make these #HEALTHY #desserts at home ... https://t.co/JwMjuQWx8j 
#SaturdayThoughts  Make these #HEALTHY #desserts at home ... https://t.co/JwMjuQWx8j 
https://t.co/AQzRKNxYIv How to make easy Pumpkin Cookies kids love #desserts #snacks 
https://t.co/dSezGszOsL How To Make Butterscotch brownies #desserts #snacks 
Mayverâ€™s Christmas Bark https://t.co/csuE2n6uO4 #dessert #desserts #bestdesserts 
#Tuesdaythoughts: a visit to #HeavenlyDesserts for #Halal #desserts &amp; drinks. You can #choose #takeaway or #dinein.â€¦ https://t.co/fGhuEVuWQ2 
Vintage Style Name glasses!#celebratelife #sweets #desserts #muffin #celebrity #baker #stilettos #shoesâ€¦ https://t.co/t3INC5WtRa 
https://t.co/egSKDzjXFH How to make fudge in a microwave oven i9n four minutes #desserts #snacks 
#Wisdom  Make these #HEALTHY #desserts at home ... https://t.co/JwMjuQWx8j 
Baileyâ€™s Irish Cream Rice PuddingRecipe: https://t.co/OsDDSysrnQ #ricepudding #desserts https://t.co/LFscRqTaMf 
Peanut Butter OREO dessert. Yums!  #desserts https://t.co/8fnmGsKF78Â  https://t.co/KKJ9Eyffsh 
#DailyThoughts  Make these #HEALTHY #desserts at home ... https://t.co/JwMjuQWx8j 
made La Torta a few days ago#cooking #cock #cake #cakes #baking #bake #food #desserts #dessert https://t.co/0ywfzi2kSW 
Peanut Butter Desserts Galore. Check out these #desserts https://t.co/6i1wAoVSucÂ  https://t.co/tWJbO7iXoS 
Best Vegan Chocolate Truffles https://t.co/CZPW7ZLQrf #dessert #desserts #bestdesserts 
4 Easy No Bake Dessert Cup Recipe|Eggless Dessert Idea|Yummy https://t.co/BzWxBnsgXE#desserts food #sweetsâ€¦ https://t.co/D1SWx8pNLB 
Delicious 3 Ingredient Pumpkin Chocolate Chip Cookies for Halloween. #halloweendesserts #easydesserts #dessertsâ€¦ https://t.co/35TSJcgGuH 
Cold CocoğŸ˜ğŸ˜‹ From Friends Coffee Bar Perfectly Captured By _collecting_world #coldcoco #desserts https://t.co/pGxAgbXdUz 
Today's Flavors https://t.co/6cttVrgqEt #frozen #desserts 
Take a break and come by and grab your self a treat. #cupcakes #espresso #desserts #coffee #fayetteville https://t.co/Mf7u92rnTj 
Best Carrot Cake with Almonds https://t.co/fSP9B04LP6 #dessert #desserts #bestdesserts 
#SaturdayMotivation  Make these #HEALTHY #desserts at home ... https://t.co/JwMjuQWx8j 
How to Make Old-Fashioned Peach Cobbler https://t.co/tt4V5Kz86k #desserts #recipes 
You've got a #sweettooth and we've got the good stuff. Match made in heaven? ğŸ˜ğŸ¤¤ #desserts https://t.co/uAmx9v2yYc 
5 Quick Desserts For Last-Minute Parties â€¢ Tasty https://t.co/P1q4IvaTDV#desserts #food #sweets #dessertâ€¦ https://t.co/qrc7OajFug 
#Foodmanufacturers add #lacticacid to packaged #food products such as #bread #desserts #olives #jams to give them lâ€¦ https://t.co/bNUhzXywRy 
Go Bananas waffle is looking like a snack. ğŸ¤¤ Whatâ€™s your favourite waffle? #desserts  #dessertporn  #sweettoothâ€¦ https://t.co/0BSZUwkt8w 
Vanilla Orange Cake (+ a variation on this recipe to make it a "beer cake")ğŸ‘‰ https://t.co/sI7KJyeV6p#dessertsâ€¦ https://t.co/jZQYE0VbGy 
At Goyojae (ê³ ìš”ì¬) in Gyeonggi-do you can enjoy  picture perfect views &amp; a delicious assortment of drinks &amp; #dessertsâ€¦ https://t.co/uLa6i5EGaI 
Gelato and chocolate from indonesia!Delicious! #Chocolate #gelato #desserts #MONGOO #JOGJA #ãƒ‡ã‚¶ãƒ¼ãƒˆ https://t.co/KFcr8dcsk1 
Sam Woodâ€™s Yummy Choc Chip PB Muffin Ghosts https://t.co/bUvVt3XQcT #dessert #desserts #bestdesserts 
20 Easy Pumpkin Desserts to Make this Season #pumpkin #pumpkinspice #autumn #fall #dessertrecipes #dessertsâ€¦ https://t.co/f7W0sblqAP 
