#latenight #drinking #greygoosevodka #stream on #twitch #singing my #originalmusic I wrote then a #sleep #stream &amp;‚Ä¶ https://t.co/qI9XGYETrg 
#plz arrange Delivery of #drinking #water . Waiting from last 15 #Days @BisleriZone @jagograhakjago‚Ä¶ https://t.co/JV0YTJfyF9 
#Drunk. #Clown. Show. The Boozer And Stubs Show! #indie #indiefilm #drinking #beer #booze #fun #funny #comedy #skit‚Ä¶ https://t.co/TyAbskch1U 
‚ÄúHow to enjoy #pumpkin #beer. Step 1: Throw it in the trash‚Äù (2015 #meme). #quotes #jokes #drinking #alcohol‚Ä¶ https://t.co/F9xRkxbF4E 
How to Know When Your Weekend Benders have Become Problematic https://t.co/ns2vu2ny7H #alcoholism #drinking 
Drinking Coffee With View On Eiffel Tower Shortclip https://t.co/gkx93VSp4q #entertainment #clip #tv #drinking #with #on 
Listen here! #podcast #drinking #mamas #bffs  https://t.co/ZzZPumdFPt 
#Data–°enters are among the ten largest #commercial consumers of #water. And importantly it is often #drinking‚Ä¶ https://t.co/QOnsd7iKq1 
Smoking 'n' flashing     üö¨‚ù§üö¨‚ù§üö¨#stockings #goingcommando #flashing #drinking #cigarette #smoke #smoker #smoking‚Ä¶ https://t.co/rFGHiVTG0J 
#Drunk. #Clown. Show. The Boozer And Stubs Show! #indie #indiefilm #drinking #beer #booze #fun #funny #comedy #skit‚Ä¶ https://t.co/nM8WbXliZ4 
@Brigette912 #Wait...what...? Why would anyone #stop #drinking ? Have you met the #newamerica ? 
According to data from the National #Restaurant Association more than 110000 thousand #eating and #drinking estab‚Ä¶ https://t.co/vkVVgxjaYU 
Happy Monday! Hope you had a great weekend! #happymonday #drinking #beer #wine #cannabis #impairment‚Ä¶ https://t.co/p77Zz4935A 
Most alcoholics don‚Äôt start out as daily drinkers but if you keep practicing that‚Äôs where it ends up. #drinking 
HAPPY MONDAY GUYS üöÄüöÄüöÄ@doge_drinks #dogedrinks #doge #drinking #beverage #crypto #bsc #utility #art #lifestyle‚Ä¶ https://t.co/e0tOXTRPE2 
Hm just stop #drinking https://t.co/NcOz8vvQbu 
Wolf Drinking at the River! https://t.co/ntir4QzxmT #wolf #yellowstone #NationalPark #drinking #river #wildlife‚Ä¶ https://t.co/ScI1QVs2TD 
Happy Tuesday! We hope your day is filled with Sparkles and Rainbows. #happytuesday #drinking #beer #wine #cannabis‚Ä¶ https://t.co/LiqjieZDIo 
if 4 or 5 guys tell you that you're #drunk even though you know you weren't #drinking the least you can do is to lie down a little while. 
#Drunk. #Clown. Show. The Boozer And Stubs Show! #indie #indiefilm #drinking #beer #booze #fun #funny #comedy #skit‚Ä¶ https://t.co/phU5I2VoNn 
come join us this weekend for a nice glass of wine ;) #wines #drinking #fun https://t.co/o5h4HhzLam 
#latenight #drinking #greygoosevodka #stream on #twitch #singing my #originalmusic I wrote then a #sleep #stream &amp;‚Ä¶ https://t.co/qI9XGYETrg 
#plz arrange Delivery of #drinking #water . Waiting from last 15 #Days @BisleriZone @jagograhakjago‚Ä¶ https://t.co/JV0YTJfyF9 
#Drunk. #Clown. Show. The Boozer And Stubs Show! #indie #indiefilm #drinking #beer #booze #fun #funny #comedy #skit‚Ä¶ https://t.co/TyAbskch1U 
‚ÄúHow to enjoy #pumpkin #beer. Step 1: Throw it in the trash‚Äù (2015 #meme). #quotes #jokes #drinking #alcohol‚Ä¶ https://t.co/F9xRkxbF4E 
How to Know When Your Weekend Benders have Become Problematic https://t.co/ns2vu2ny7H #alcoholism #drinking 
Drinking Coffee With View On Eiffel Tower Shortclip https://t.co/gkx93VSp4q #entertainment #clip #tv #drinking #with #on 
Listen here! #podcast #drinking #mamas #bffs  https://t.co/ZzZPumdFPt 
#Data–°enters are among the ten largest #commercial consumers of #water. And importantly it is often #drinking‚Ä¶ https://t.co/QOnsd7iKq1 
Smoking 'n' flashing     üö¨‚ù§üö¨‚ù§üö¨#stockings #goingcommando #flashing #drinking #cigarette #smoke #smoker #smoking‚Ä¶ https://t.co/rFGHiVTG0J 
#Drunk. #Clown. Show. The Boozer And Stubs Show! #indie #indiefilm #drinking #beer #booze #fun #funny #comedy #skit‚Ä¶ https://t.co/nM8WbXliZ4 
Turkish coffee has a rich aroma and taste that you might enjoy? Truly #connoisseurs of coffee will enjoy #drinking‚Ä¶ https://t.co/AKdIkTMtsC 
Spritz timeüçπ#spritztime #spritz #time #me #selfie #hujicam #huji #cam #drink #drinking #FreedomBar #Freedom #Bar‚Ä¶ https://t.co/JHPxWaokar 
It's #DomesticViolenceAwarenessMonth. Is #drinking hurting the ones you love? Is it time to #RethinkYourDrink? We'v‚Ä¶ https://t.co/GMpxUhwFna 
Buddy got up like nothing happened‚Ä¶#TuesdayFeeling #collegeboys #blackpinkflop #fall #downbad #drunk #drinking‚Ä¶ https://t.co/yAbQjbLmvl 
A refined rum with explosive flavors!--#EnjoyTheLife #amazing #alcohol #beer #booze #drinks #drinking #partytime‚Ä¶ https://t.co/CvPcOZv7sY 
Forth Valley Police sorry for 'victim blaming' #drinking advice: https://t.co/0RI01z4jqM 
#Drunk. #Clown. Show. The Boozer And Stubs Show! #indie #indiefilm #drinking #beer #booze #fun #funny #comedy #skit‚Ä¶ https://t.co/SA9HdlfMud 
Hm just stop #drinking https://t.co/NcOz8vvQbu 
Wolf Drinking at the River! https://t.co/ntir4QzxmT #wolf #yellowstone #NationalPark #drinking #river #wildlife‚Ä¶ https://t.co/ScI1QVs2TD 
Happy Tuesday! We hope your day is filled with Sparkles and Rainbows. #happytuesday #drinking #beer #wine #cannabis‚Ä¶ https://t.co/LiqjieZDIo 
if 4 or 5 guys tell you that you're #drunk even though you know you weren't #drinking the least you can do is to lie down a little while. 
#Drunk. #Clown. Show. The Boozer And Stubs Show! #indie #indiefilm #drinking #beer #booze #fun #funny #comedy #skit‚Ä¶ https://t.co/phU5I2VoNn 
come join us this weekend for a nice glass of wine ;) #wines #drinking #fun https://t.co/o5h4HhzLam 
#latenight #drinking #greygoosevodka #stream on #twitch #singing my #originalmusic I wrote then a #sleep #stream &amp;‚Ä¶ https://t.co/qI9XGYETrg 
#plz arrange Delivery of #drinking #water . Waiting from last 15 #Days @BisleriZone @jagograhakjago‚Ä¶ https://t.co/JV0YTJfyF9 
#Drunk. #Clown. Show. The Boozer And Stubs Show! #indie #indiefilm #drinking #beer #booze #fun #funny #comedy #skit‚Ä¶ https://t.co/TyAbskch1U 
‚ÄúHow to enjoy #pumpkin #beer. Step 1: Throw it in the trash‚Äù (2015 #meme). #quotes #jokes #drinking #alcohol‚Ä¶ https://t.co/F9xRkxbF4E 
How to Know When Your Weekend Benders have Become Problematic https://t.co/ns2vu2ny7H #alcoholism #drinking 
Drinking Coffee With View On Eiffel Tower Shortclip https://t.co/gkx93VSp4q #entertainment #clip #tv #drinking #with #on 
Listen here! #podcast #drinking #mamas #bffs  https://t.co/ZzZPumdFPt 
#Drunk. #Clown. Show. The Boozer And Stubs Show! #indie #indiefilm #drinking #beer #booze #fun #funny #comedy #skit‚Ä¶ https://t.co/kXdKz0u2yZ 
The chief reason for #drinking is the desire to behave in a certain way and to be able to blame it on #alcohol. 
#Drunk. #Clown. Show. The Boozer And Stubs Show! #indie #indiefilm #drinking #beer #booze #fun #funny #comedy #skit‚Ä¶ https://t.co/EuL7wycFJ1 
Turkish coffee has a rich aroma and taste that you might enjoy? Truly #connoisseurs of coffee will enjoy #drinking‚Ä¶ https://t.co/AKdIkTMtsC 
Spritz timeüçπ#spritztime #spritz #time #me #selfie #hujicam #huji #cam #drink #drinking #FreedomBar #Freedom #Bar‚Ä¶ https://t.co/JHPxWaokar 
It's #DomesticViolenceAwarenessMonth. Is #drinking hurting the ones you love? Is it time to #RethinkYourDrink? We'v‚Ä¶ https://t.co/GMpxUhwFna 
Buddy got up like nothing happened‚Ä¶#TuesdayFeeling #collegeboys #blackpinkflop #fall #downbad #drunk #drinking‚Ä¶ https://t.co/yAbQjbLmvl 
A refined rum with explosive flavors!--#EnjoyTheLife #amazing #alcohol #beer #booze #drinks #drinking #partytime‚Ä¶ https://t.co/CvPcOZv7sY 
Forth Valley Police sorry for 'victim blaming' #drinking advice: https://t.co/0RI01z4jqM 
#Drunk. #Clown. Show. The Boozer And Stubs Show! #indie #indiefilm #drinking #beer #booze #fun #funny #comedy #skit‚Ä¶ https://t.co/SA9HdlfMud 
Hm just stop #drinking https://t.co/NcOz8vvQbu 
#drinking vessel #pitcher #flagon #pitcher #drinking vessel &gt;&gt;&gt;  traveling today *) https://t.co/VURBaAVehV 
How to Know When Your Weekend Benders have Become Problematic https://t.co/ns2vu2ny7H #alcoholism #drinking 
I enjoy #drinking at least 1-2 cups of #tea a day. But my go to tea is #matcha . Keeps energy levels up for at leas‚Ä¶ https://t.co/VOClq1NNq4 
üî•üë®üèΩ‚Äçüç≥ üé∂üë®üèæ‚Äçüç≥üî• Cook‚Äôn up‚Ä¶‚Ä¶ #drinking&amp;smoking #future #futurehendrix #liluzivert #50shotent @deigo_escobar @c4tarxan‚Ä¶ https://t.co/vQHqQo1voP 
‚ÄúAint worried bout a rollie watch i need a üß±‚Ä¶‚Ä¶. Ion got no time 4 making tik toks‚Ä¶..‚Äù -4 #drinking&amp;smoking #remix‚Ä¶ https://t.co/s571GLKojt 
Drinking and pinball. #fursuiter #mff #mff2021 #furfest #furry #drinking #pinballleague https://t.co/APDjrALRUh 
#Drunk. #Clown. Show. The Boozer And Stubs Show! #indie #indiefilm #drinking #beer #booze #fun #funny #comedy #skit‚Ä¶ https://t.co/CTa8LG2mTR 
INTERNET IS BACK SO LETS PLAY!#RazerStreamer #drinking #dork !lurk !drink https://t.co/yqTAz0zZUT 
#Drunk. #Clown. Show. The Boozer And Stubs Show! #indie #indiefilm #drinking #beer #booze #fun #funny #comedy #skit‚Ä¶ https://t.co/kXdKz0u2yZ 
Collateral damage Excessive #drinking during pandemic leading to spike in liver transplants#pandemic #alcohol https://t.co/VImcJaYskk 
#drinking vessel #pitcher #flagon #pitcher #drinking vessel &gt;&gt;&gt;  traveling today *) https://t.co/VURBaAVehV 
How to Know When Your Weekend Benders have Become Problematic https://t.co/ns2vu2ny7H #alcoholism #drinking 
I enjoy #drinking at least 1-2 cups of #tea a day. But my go to tea is #matcha . Keeps energy levels up for at leas‚Ä¶ https://t.co/VOClq1NNq4 
üî•üë®üèΩ‚Äçüç≥ üé∂üë®üèæ‚Äçüç≥üî• Cook‚Äôn up‚Ä¶‚Ä¶ #drinking&amp;smoking #future #futurehendrix #liluzivert #50shotent @deigo_escobar @c4tarxan‚Ä¶ https://t.co/vQHqQo1voP 
‚ÄúAint worried bout a rollie watch i need a üß±‚Ä¶‚Ä¶. Ion got no time 4 making tik toks‚Ä¶..‚Äù -4 #drinking&amp;smoking #remix‚Ä¶ https://t.co/s571GLKojt 
Drinking and pinball. #fursuiter #mff #mff2021 #furfest #furry #drinking #pinballleague https://t.co/APDjrALRUh 
#Drunk. #Clown. Show. The Boozer And Stubs Show! #indie #indiefilm #drinking #beer #booze #fun #funny #comedy #skit‚Ä¶ https://t.co/CTa8LG2mTR 
INTERNET IS BACK SO LETS PLAY!#RazerStreamer #drinking #dork !lurk !drink https://t.co/yqTAz0zZUT 
#Drunk. #Clown. Show. The Boozer And Stubs Show! #indie #indiefilm #drinking #beer #booze #fun #funny #comedy #skit‚Ä¶ https://t.co/kXdKz0u2yZ 
