. just posted Montemajor Equinox Campania 2017 review rating recipe &gt; https://t.co/TJ1MRnFC0D #winetasting #wine 
Very excited to attend @pinkhopeaus fundraiser lunch tomorrow!! ü•Ç #wine #winetasting #CancerResearch #fundraiser‚Ä¶ https://t.co/KZI3eWhbkF 
@LeopardLeapWine tasting today. We will see you later.#wine #lovewine #wineconceptsnewlands #winetasting https://t.co/M97o9DMt6n 
. just posted Los Clop Reserva Cabernet Sauvignon 2015 review rating recipe &gt; https://t.co/cXpRpkVh6k #winetasting #wine @imbibersreport 
Health reasons why you should drink red wine every day.  #winelovers #winetasting #wines  https://t.co/IiHCiIn2Cj 
Carl Green yesterday Sunday at Rockpile Vineyards in Healdsburg CA! #wine #winetasting #wines #music #musician‚Ä¶ https://t.co/PuI0I4n25J 
.@lacremawines just posted La Crema Pinot Noir 2018 review rating recipe &gt; https://t.co/AetTqJ52UL #winetasting #wine @breakthrubevcan 
Such a fantastic #winetasting @ZephaniahWine this past weekend--wonderful #wine scenery &amp; #customerexperience. The‚Ä¶ https://t.co/UZfJMbF0Ir 
A great first visit to Favalora Vineyards Winery! https://t.co/jLTk5fmlZi #wine #winelover #winetasting‚Ä¶ https://t.co/mXPLeYXYDf 
Special event B2B #bibendumvini #lamontinafranciacorta #liguria #winetasting https://t.co/68Wjnnqhga 
. just posted Carmim Monsaraz Reserva 2017 review rating recipe &gt; https://t.co/2mc0B2BmeH #winetasting #wine 
üç∑ NINE WINE¬Æ Talk to a live etiquette expert 24/7/365‚Ñ¢ https://t.co/RP9UKMJfHW #winelife #winetasting #winemaker‚Ä¶ https://t.co/srrZbgeOEO 
The Six Best #Wine Purses https://t.co/RQ4ZK4YMHa via @WineryAdvisor #winetasting #cali #orangecounty #lagunabeach‚Ä¶ https://t.co/tuctZcYLBi 
.@mdwinery just posted Michael David Petite Petit 2018 review rating recipe &gt; https://t.co/X23bgqIdDS #winetasting #wine @imbibersreport 
Can #wine help on a Monday? Of course! #winetasting #wineMonday https://t.co/fbHmZbhs23 
