The Pakistan Army has a pan India #Grey #war strategy. Our intellectuals &amp; academic experts don't even understandâ€¦ https://t.co/WejZZXMqYq 
Fascinating heartbreaking amazing! Grab a copy of "Lilia" now. #historical #romance #memoir #war #holocaustâ€¦ https://t.co/TbY7WxOt3M 
WW1 Soldiers in the trenches #WW1 #abolishwar #war https://t.co/zWhylOrCEe 
#china #trump #war #bomb #yen #economy #money #bigmoney #chinese #hongkong https://t.co/fjSxVf5pwo 
This Guy !! #trump #war #USA #stockmarket #money #billionaire #hedgefund #smartmoney https://t.co/jqWErZBD0W 
The Nigeria government is preparing for a media #warWith #IPOB they want to employ individuals with more than 10kâ€¦ https://t.co/02gArMftoH 
back to the frontlines #war #gaming #foxhole #twitch #stream #streamer #twitchstream #uk #multiplayer #pvphttps://t.co/EMkjixXAou 
Marine Raider. #nft #war  https://t.co/kZxb2kBSSp 
The Pakistan Army has a pan India #Grey #war strategy. Our intellectuals &amp; academic experts don't even understandâ€¦ https://t.co/WejZZXMqYq 
@BonnieGlaser Whenever the #USA promotes this kind of #war topic I could hear American Arms dealers shouting 'â€¦ https://t.co/4Kep3LnJN4 
#men #of #war #had #caught #was #six #hundred #thousand #and #seventy #thousand #and #five #thousand #sheep #And #threescore #and #twelve 
#war #dois #blockchain #nft #metawar Gear Up For MetaWarsâ€™ Early NFT Auction https://t.co/ug23ewoCnx 
Gain competitive advantage in the #war for talent by reinventing the #employee experience. Show them theyâ€™re valuedâ€¦ https://t.co/Td1P27sD3p 
Wonder if cheering an enemy nation (1) during old fashioned war (2) #Hybrid #War #Grey #war (being carried out bâ€¦ https://t.co/2HPXA3w9SF 
#Taliban #war #sick Should #Bangladesh #Pakistan &amp; #Afghanistan's Muslim persecuted Hindus &amp; Christians allowâ€¦ https://t.co/0ss3lrhvqz 
#Clausewitz and the #politics of #war: A #contemporary theory https://t.co/jsUHXQ62FY 
@wavesofeulogies #war #flashback 
@MetaWarsNFT #war to the moon guys ğŸš€ğŸš€ğŸš€ https://t.co/BkofXwgCfU 
Turkey reaches out to foe Armenia in drive for Caucasus influence #turkey #yerevan #drive #armenia #war #azerbaijan https://t.co/c485heCbKw 
Rahasia Kedisiplinan adalah Motivasi. Ketika seseorang telah Termotivasi secukupnya Kedisiplinan akan datang dg Sendirinya.#war ##waralaba 
[â—] BreakingFrench authorities compelled to the use of #armored vehicles to wage #war on #drugs in Lyon.Whereâ€¦ https://t.co/UPm1lIEHQc 
æˆ¦äº‰ã¨åŸçˆ†ã¨ãƒ—ãƒ¼ãƒãƒ³æ°ã¨ã‚ªãƒãƒæ°ã€€ã€ https://t.co/9EgDWzKDyt ã€‘ã€€ã€€ã€€ã€€ã€€#Russia #æˆ¦äº‰ #ãƒ‹ãƒ¥ãƒ¼ã‚¹ #usa #putin #war #obama 
Read full story at: https://t.co/dpTvYtgpAP#Pakistan #Peace #war #US #Afghanistan https://t.co/n7hfzObXr2 
â€œVictorious warriors win first and then go to #war while defeated warriors go to war first and then seek to win.â€ 
China's foreign minister meets Taliban's acting deputy PM in Qatar - La Prensa Latina Media https://t.co/hs0a45UIcg #terror #war 
Is the Islamic State in Afghanistan Targeting China? - The Diplomat https://t.co/gat7addNtY #pakistan #war 
Two #tank #squadrons #repulse a #tank #division #classic #fog of #war https://t.co/GkAS3zKK4w via @YouTube 
@RBReich 6/When you get the whole picture you will be absolutely stunned. We are so incredibly vulnerable.//#war #defense 
