Submit Your #abstracts for oral #poster presentations &amp; #symposiato be delivered at the "International Conference… https://t.co/4bxKpgH3Sy 
Present your #research workJoin ussubmit #abstractsculpture nowSubmitted #abstracts will be #published… https://t.co/79sdwH5dSm 
By The River. Acrylics on canvas. 24x24”.#art #l#landscape #artwork #abstracts #acrylicpainting #originalart… https://t.co/66fNCKGl57 
#EGU2022 abstract submission have started! Check out our #session submit your #abstracts and join us in Vienna in… https://t.co/heR9GM2UWr 
Some recent #pubmed #abstracts on #mitochondria #cytochrome_oxidase selected using @BiomedNew #machinelearning… https://t.co/ePWTiQhDtD 
My #abstracts are a conscious attempt to allow #beauty into my life. I'm interested in combinations of form/colour… https://t.co/zzKDVMCS9H 
Submit your #abstracts under the track and secure your slot for the upcoming conference on the "European Endocrinol… https://t.co/sWstOcRqH6 
Autumn Day. Acrylics on canvas. 24x30”.#art #abstractart #landscape #artwork #abstracts #painting #acrylicpainting… https://t.co/UIHqRjidGV 
Submit Your #abstracts for oral #poster presentations &amp; #symposiato be delivered at the "International Conference… https://t.co/4bxKpgH3Sy 
Present your #research workJoin ussubmit #abstractsculpture nowSubmitted #abstracts will be #published… https://t.co/79sdwH5dSm 
By The River. Acrylics on canvas. 24x24”.#art #l#landscape #artwork #abstracts #acrylicpainting #originalart… https://t.co/66fNCKGl57 
#EGU2022 abstract submission have started! Check out our #session submit your #abstracts and join us in Vienna in… https://t.co/heR9GM2UWr 
Some recent #pubmed #abstracts on #mitochondria #cytochrome_oxidase selected using @BiomedNew #machinelearning… https://t.co/ePWTiQhDtD 
My #abstracts are a conscious attempt to allow #beauty into my life. I'm interested in combinations of form/colour… https://t.co/zzKDVMCS9H 
Submit your #abstracts under the track and secure your slot for the upcoming conference on the "European Endocrinol… https://t.co/sWstOcRqH6 
Autumn Day. Acrylics on canvas. 24x30”.#art #abstractart #landscape #artwork #abstracts #painting #acrylicpainting… https://t.co/UIHqRjidGV 
