Time Lapse Pilatus PC-12 | VÃ­deo @croslandaviationâœ…Use a #infoaviacao#businessjets #privateplane #privatejetsâ€¦ https://t.co/gI4BfMMWqQ 
Awesome machines! ðŸš€. Foto @myaviationpageâœ…Use a #infoaviacao#businessjets #privateplane #privatejetsâ€¦ https://t.co/iz5PXTPUgh 
Awesome machines! ðŸš€. Foto @myaviationpageâœ…Use a #infoaviacao#businessjets #privateplane #privatejetsâ€¦ https://t.co/iz5PXTPUgh 
Awesome machines! ðŸš€. Foto @myaviationpageâœ…Use a #infoaviacao#businessjets #privateplane #privatejetsâ€¦ https://t.co/iz5PXTPUgh 
Awesome machines! ðŸš€. Foto @myaviationpageâœ…Use a #infoaviacao#businessjets #privateplane #privatejetsâ€¦ https://t.co/iz5PXTPUgh 
Awesome machines! ðŸš€. Foto @myaviationpageâœ…Use a #infoaviacao#businessjets #privateplane #privatejetsâ€¦ https://t.co/iz5PXTPUgh 
Does anyone have a plane that can fly me from Changsha to London? Iâ€™ll pay! #plane #london #changsha #china #privateplane #flights 
Awesome machines! ðŸš€. Foto @myaviationpageâœ…Use a #infoaviacao#businessjets #privateplane #privatejetsâ€¦ https://t.co/iz5PXTPUgh 
Does anyone have a plane that can fly me from Changsha to London? Iâ€™ll pay! #plane #london #changsha #china #privateplane #flights 
Awesome machines! ðŸš€. Foto @myaviationpageâœ…Use a #infoaviacao#businessjets #privateplane #privatejetsâ€¦ https://t.co/iz5PXTPUgh 
