‡§≤‡§ñ‡§®‡§ä ‡§™‡•Å‡§≤‡§ø‡§∏ ‡§®‡•á ‡§µ‡§ú‡•Ä‡§∞‡§ó‡§Ç‡§ú ‡§á‡§≤‡§æ‡§ï‡•á ‡§∏‡•á ‡§Ö‡§≤‡•ç‡§≤‡•Ç ‡§Æ‡§ø‡§Ø‡§æ‡§Ç ‡§ï‡•ã ‡§ó‡§ø‡§∞‡§´‡•ç‡§§‡§æ‡§∞ ‡§ï‡§ø‡§Ø‡§æ ‡§π‡•à | #LucknowPolice #crime | @aap_ka_santosh  https://t.co/BksuB70f5O 
üõëB√©nin : 1 innocent br√ªl√© VIF ! UNE HONTE TOTALE. #BENIN #VINDICTEPOPULAIRE #PARAKOU @gouvbenin#crime https://t.co/73ojZkuAMt 
.@Walgreens .@LondonBreed .@SFMayorsOffice .@chesaboudin .@DeanPreston .@HillaryRonen .@MattHaneySF #crime‚Ä¶ https://t.co/MPMF9snRWe 
Monsters &amp; Critics: MAFS Where are they now: Season 7‚Äôs Dave and Amber https://t.co/Wzm4XNOqEc #crime #news https://t.co/XDO00keazy 
#biden #usa #dems #fauci #wuhan #crime #covid19usa https://t.co/4GhEd2J8Mr 
NC man identified as victim of killer John Wayne Gacy https://t.co/h3lJbqQDIu #crime 
Kia ora researcher folks!  Who can give some sound info on what tends to increase/decrease #crime in #cities? A NZ‚Ä¶ https://t.co/l2Y630bLs2 
‡¥ï‡µä‡¥£‡µç‡¥ü‡µã‡¥ü‡µç‡¥ü‡¥ø‡¥Ø‡¥ø‡µΩ ‡¥Ø‡µÅ‡¥µ‡¥§‡¥ø‡¥Ø‡µÜ ‡¥™‡µÄ‡¥°‡¥ø‡¥™‡µç‡¥™‡¥ø‡¥ï‡µç‡¥ï‡¥æ‡µª ‡¥∂‡µç‡¥∞‡¥Æ‡¥ø‡¥ö‡µç‡¥ö ‡¥ï‡µá‡¥∏‡¥ø‡µΩ 15 ‡¥µ‡¥Ø‡¥∏‡µÅ‡¥ï‡¥æ‡¥∞‡µª ‡¥Ö‡¥±‡¥∏‡µç‡¥±‡µç‡¥±‡¥ø‡µΩ#kondottyrapeattemptcase #crime https://t.co/ccgO5nUpm4 
‡§¶‡§ø‡§≤‡•ç‡§≤‡•Ä ‡§Æ‡•á‡§Ç ‡§∏‡§æ‡§≤ ‡§¶‡§∞ ‡§∏‡§æ‡§≤ ‡§¨‡§¢‡§º‡•á ‡§Ö‡§™‡§∞‡§æ‡§ß: ‡§ï‡•á‡§Ç‡§¶‡•ç‡§∞ ‡§™‡§∞ ‡§â‡§†‡•á ‡§∏‡§µ‡§æ‡§≤ ‡§ï‡•á‡§ú‡§∞‡•Ä‡§µ‡§æ‡§≤ ‡§∏‡§∞‡§ï‡§æ‡§∞ ‡§≠‡•Ä ‡§®‡§π‡•Ä‡§Ç ‡§™‡•Ç‡§∞‡•á ‡§ï‡§∞ ‡§™‡§æ‡§à ‡§ö‡•Å‡§®‡§æ‡§µ ‡§Æ‡•á‡§Ç ‡§ï‡§ø‡§è ‡§µ‡§æ‡§¶‡•á#crime‚Ä¶ https://t.co/VDvxqxFnJG 
https://t.co/yYCA2rYATq#prayagraj #allahabad #crime 
‡§ó‡•Å‡§∞‡•Å‡§ó‡•ç‡§∞‡§æ‡§Æ- ‡§∞‡§æ‡§ú‡•Ä‡§µ ‡§ö‡•å‡§ï ‡§ï‡•á ‡§™‡§æ‡§∏ ‡§™‡§§‡§ø ‡§™‡§§‡•ç‡§®‡•Ä ‡§ï‡•á ‡§∏‡§æ‡§• ‡§≤‡•Ç‡§ü ‡§¨‡§æ‡§á‡§ï ‡§∏‡§µ‡§æ‡§∞ ‡§¶‡•ã ‡§Ø‡•Å‡§µ‡§ï‡•ã‡§Ç ‡§®‡•á ‡§Æ‡§π‡§ø‡§≤‡§æ ‡§ï‡§æ ‡§¨‡•à‡§ó ‡§õ‡•Ä‡§®‡§æ#crime #snatching #Police 
https://t.co/a1Mu1xh5cn#prayagraj #allahabad #crime 
.@BorisJohnson: Make #domestic #abuse / #violence a #punishable #crime - Sign this petition! https://t.co/KgTxoQpp77 via @UKChange 
Know the Indian Penal Code - Section 405 (Criminal breach of trust)#law #ipc #crime #legal #criminallaw‚Ä¶ https://t.co/41UpC9GVor 
#crime #truecrime #police #narcotics #thinblueline  Officer MacKenna finally gets his transfer to the Anti-Crime Se‚Ä¶ https://t.co/ZiDDwTTr6y 
35 ‡§∏‡§æ‡§≤ ‡§ï‡•Ä ‡§≤‡§°‡§º‡§ï‡•Ä ‡§ï‡§æ ‡§ß‡§°‡§º ‡§Æ‡§ø‡§≤‡§æ ‡§∏‡§ø‡§∞ ‡§ï‡§æ ‡§™‡§§‡§æ ‡§®‡§π‡•Ä‡§Ç ‡§Ö‡§µ‡•à‡§ß ‡§∏‡§Ç‡§¨‡§Ç‡§ß ‡§Ø‡§æ ‡§°‡§æ‡§Ø‡§® ‡§ï‡•á ‡§è‡§Ç‡§ó‡§≤ ‡§™‡§∞ ‡§ú‡§æ‡§Ç‡§ö #Jharkhand #crime #crimenews‚Ä¶ https://t.co/y2ODB8ZQAr 
@TwBookClub TY4 Like. My #openandhonest #TrueStory: #gay man's 3 deep loves childhood trauma #crime and‚Ä¶ https://t.co/lwEjaxnTxq 
A proper page-turner from start to finish. Highly recommended! Grab a copy of "Blackwater Mornings" now. #crime‚Ä¶ https://t.co/nAhfAhdvxQ 
Whenever there is a Liberal mayor in New York city crime rate always go up why? #NewYork #NYC #crime 
6 war crimes suspects held in Jashore#war #crime https://t.co/Kc4zx4Smsf 
#AddictionRussian gangsters make a big mistake when they try selling drugs in Powell's bar!#crime #thrillerhttps://t.co/KRAhjda40G 
This was not an accident or mistake. This was a #crime against #humanity. End #Apartheid and stop murdering children https://t.co/ChMsrLCwRE 
#TRAFFICKING"Powell is a British Jack Reacher!" #sextrafficking #thriller #crime https://t.co/CNnj5yfNTb 
Signed/shared.. this is unacceptable #Montana #crime She‚Äôs brutally murdered &amp; dumped &amp; again sever abuse of power‚Ä¶ https://t.co/eKiT1hjPvE 
Adult crime thriller #Trafficking is a real page turner! #sextrafficking #crime #murder #thriller https://t.co/gXHl8qVsRB 
What do you think‚ùìüëáüèº Which one of these has the worst impact on society?#poll #regxsa #finance #crime #harm‚Ä¶ https://t.co/IdgVEEhWPl 
#ICYMI: #Housing shortages street #crime &amp; poor #integration blamed for #Scandinavian states‚Äô coolness toward new‚Ä¶ https://t.co/qNPyqmX7XC 
DNA from rib bone leads to arrests after infant left in trash 30 years ago https://t.co/rGbIBts90f #crime 
A secret life. Whispers of murder. And the worst has yet to come. Grab a copy of "One Last Secret" now. #crime‚Ä¶ https://t.co/N7eKUfNsbW 
October is National Home Security Month! Here is a blog showing the latest #crime statistics and advice from HOPPE‚Ä¶ https://t.co/yDLK9JVDra 
