#Braves fans &amp; stat nerds will love this piece of #journalism There's never been a World Series team quite like t‚Ä¶ https://t.co/oMyl1dh4Ra 
Interesting #media analysis applicable to those who follow developments in #journalism #communications and‚Ä¶ https://t.co/yxYbDxDAhq 
Quite a #journalism quote!The article gets into Soon-Shiong‚Äôs other projects and suggests it‚Äôs hard to focus on L‚Ä¶ https://t.co/baOOpGTfFH 
#NewProfilePic #journalism #newbeginnings #leaveitbehind #Mondayvibes I choose to be a better me everyday. Time wil‚Ä¶ https://t.co/OFiTRi0bJD 
@NBCLA FEW DOZEN??????????????????????? #journalism 
@acoyne *ignores all anarchist/libertarian/communist views*#framing#journalism 
@themouthfuls Thank you @themouthfuls ‚Äî I did my grad school in #broadcast #journalism and spent a good chunk of my‚Ä¶ https://t.co/kwuQ6OvYbm 
@journal_maine Ok Ronda. Sure thing. #journalism ü§° https://t.co/rnoLY0yYQs 
#journalism school costs a lot of money but #journalists don‚Äôt make a lot of money https://t.co/rnFzcQTOmY "The mo‚Ä¶ https://t.co/cUFnRcFSJa 
@BigMedicine @titocurtis It's hard when you run out of room in your gilded safe to store your diamonds #journalism 
when #journalism / contends with moths / #journalism can be free / because moths get angry 
@JoeConchaTV And 99% of the ‚Äújournalists‚Äù in the mainstream media will continue to clap like trained seals. #journalism 
#drugfreelookslikeme #highschooljournalism #yearbook #RedRibbonWeek2021 #red #socks #hats #journalism 
I love the convo we are having on Open Court on #journalism #FactsMatter and #Truth. Join us!‚Ä¶ https://t.co/v4qEAxXmTO 
Support local #journalism. YYC Business - city's only daily #online #business #news #publication with regular infor‚Ä¶ https://t.co/f868nkUujJ 
.@LatrobeHighPost I THANK YOU and Mrs. Stallings for inviting me to share my #journalism experiences &amp; #PIO experie‚Ä¶ https://t.co/U2bp2rvioa 
