Substack Sections | Blogging Guidehttps://t.co/E91lxySBBm#substack #blog #blogging #guide #sections #writer #newsletter #creator 
Substack Sections | Blogging Guidehttps://t.co/E91lxySBBm#substack #blog #blogging #guide #sections #writer #newsletter #creator 
Substack Sections | Blogging Guidehttps://t.co/E91lxySBBm#substack #blog #blogging #guide #sections #writer #newsletter #creator 
~ #sections #piano #chambermusic 
Substack Sections | Blogging Guidehttps://t.co/E91lxySBBm#substack #blog #blogging #guide #sections #writer #newsletter #creator 
Substack Sections | Blogging Guidehttps://t.co/E91lxySBBm#substack #blog #blogging #guide #sections #writer #newsletter #creator 
Man bro is spitting facts smh. #message  #motivationalquotes #motivation #superfacts #facts #sections #hookahâ€¦ https://t.co/UeAJdWk5m6 
Substack Sections | Blogging Guidehttps://t.co/E91lxySBBm#substack #blog #blogging #guide #sections #writer #newsletter #creator 
Substack Sections | Blogging Guidehttps://t.co/E91lxySBBm#substack #blog #blogging #guide #sections #writer #newsletter #creator 
Substack Sections | Blogging Guidehttps://t.co/E91lxySBBm#substack #blog #blogging #guide #sections #writer #newsletter #creator 
