Just DM To know this unique startup idea &amp; to start in a min #marginrewards #businessideas #startupideas #ideas… https://t.co/7AJIxjQ5eD 
Please put me on Shark Tank #business #businesstiktok #businesstips #businessidea #businessideas #fyp #fypシ #girl… https://t.co/AAQ2FhpgRq 
Start a Group Home: Group Home Business Plan Template - $6.99 https://t.co/BxX6E8N5gS#amazonfinds #businessideas… https://t.co/gNi15j7yQB 
My favorite topic. How IoT and AI are helping keep truck drivers safe.#businessideas #$data #iot… https://t.co/AM4MMrSLZV 
#business #businessideas #entrepreneur #enterpreneur #success #fail #motivationalspeaker #motivation #motivational… https://t.co/enHH0bTuUJ 
#business #businessideas #entrepreneur #enterpreneur #success #fail #motivationalspeaker #motivation #motivational… https://t.co/CCe7U6UMuv 
Startup Idea Of The DayWant Similar Business?Call #Pursho 0731 6725516https://t.co/8N3TvVMRpD#businessideas… https://t.co/uy6TtLWbNP 
Make money taking pictureshttps://t.co/Y4a9ORQQzc#workfromhome #makemoneyonline #businessideas #photography 
The choice is yours .#jobvsbusiness #businesstips #businessideas https://t.co/rxpwCBQhRf 
40 Easy Ways to Make Money – Without Workinghttps://t.co/0ARbBJhMo2#workfromhome #makemoneyonline #businessideas 
Just DM To know this unique startup idea &amp; to start in a min #marginrewards #businessideas #startupideas #ideas… https://t.co/7AJIxjQ5eD 
Please put me on Shark Tank #business #businesstiktok #businesstips #businessidea #businessideas #fyp #fypシ #girl… https://t.co/AAQ2FhpgRq 
Start a Group Home: Group Home Business Plan Template - $6.99 https://t.co/BxX6E8N5gS#amazonfinds #businessideas… https://t.co/gNi15j7yQB 
My favorite topic. How IoT and AI are helping keep truck drivers safe.#businessideas #$data #iot… https://t.co/AM4MMrSLZV 
Startup Idea Of The DayWant Similar Business?Call #Pursho 0731 6725516https://t.co/8N3TvVMRpD#businessideas… https://t.co/uy6TtLWbNP 
Make money taking pictureshttps://t.co/Y4a9ORQQzc#workfromhome #makemoneyonline #businessideas #photography 
The choice is yours .#jobvsbusiness #businesstips #businessideas https://t.co/rxpwCBQhRf 
40 Easy Ways to Make Money – Without Workinghttps://t.co/0ARbBJhMo2#workfromhome #makemoneyonline #businessideas 
Simple Ideas to Keep Teams Connected https://t.co/GitN77tzkm#businessideas #stayconnected #remoteworking 
EXPOSEDLearn more at: https://t.co/Rs1KjjFJsD#businessowner #businesswoman #businessideas #truth #linkinbio… https://t.co/fjWh5G7yyC 
EXPOSED!!Learn more at: https://t.co/Od0HbHTOPK#businessowner #businesswoman #businessideas #truth #linkinbio… https://t.co/OJMDmEaZEF 
Just DM To know this unique startup idea &amp; to start in a min #marginrewards #businessideas #startupideas #ideas… https://t.co/7AJIxjQ5eD 
Please put me on Shark Tank #business #businesstiktok #businesstips #businessidea #businessideas #fyp #fypシ #girl… https://t.co/AAQ2FhpgRq 
Start a Group Home: Group Home Business Plan Template - $6.99 https://t.co/BxX6E8N5gS#amazonfinds #businessideas… https://t.co/gNi15j7yQB 
My favorite topic. How IoT and AI are helping keep truck drivers safe.#businessideas #$data #iot… https://t.co/AM4MMrSLZV 
Startup Idea Of The DayWant Similar Business?Call #Pursho 0731 6725516https://t.co/8N3TvVMRpD#businessideas… https://t.co/uy6TtLWbNP 
Make money taking pictureshttps://t.co/Y4a9ORQQzc#workfromhome #makemoneyonline #businessideas #photography 
