Are you a young #entrepreneur tackling youth unemployment in your community? @DutchMFA &amp; @OrangeCorners invite yoâ€¦ https://t.co/9uQwgXk8Yt 
Ghanaian businesswoman and #entrepreneur Roberta Annan (@roberta.annan) launched a â‚¬100 million fund to channelâ€¦ https://t.co/nPw5xFibUt 
ðŸ‘‰ #entrepreneur tip of the day: avoid freelance websites when looking for work or looking to hire. Learn to collaboâ€¦ https://t.co/lUkgiVryYu 
#obstacles#entrepreneur https://t.co/YlVb0753tt 
This is how our day at Windo looks like!How's yours? Do comment with a GIF#entrepreneur #smallbusinessowner https://t.co/ebFYCentNU 
Lifeâ€™s too short to worry about yesterday. Now matters more     #AimHigh #makeyourownlane #entrepreneurâ€¦ https://t.co/8z528ygI4y 
Ces petits entrepreneurs qui nâ€™ont rien rÃ©volutionnÃ© du tout mais qui rÃ©ussissent plutÃ´t bien ! #entrepreneurâ€¦ https://t.co/pyvSO3bgTe 
Inside the Facebook Papers #entrepreneur #business #wired https://t.co/RiLoz9sJzj 
Coinbase CEO Shows Support for Ripple and XRP Amid Battle with SEChttps://t.co/SXiWDFxVi2#money #newsflash #entrepreneur 
#entrepreneur tip of the day: avoid freelance websites when looking for work or looking to hire. Learn to collaboraâ€¦ https://t.co/XF7wGmzkwC 
If youâ€™re an #entrepreneur (or want to be) I can guarantee you that at some point you will face tremendous adversiâ€¦ https://t.co/J6Z1dShmnW 
