ğŸ“¹ Check us out on Youtube for more entrepreneurial content|â #entrepreneurship #entrepreneur #entrepreneurmindsetâ€¦ https://t.co/a60Y3ZVkZC 
#motivation #anilkumarkolarramesh #akr1989 #akr4u #entrepreneurlife #entrepreneurmindset #entrepreneurspiritâ€¦ https://t.co/QNzWFxcwV7 
#motivation #anilkumarkolarramesh #akr1989 #akr4u #entrepreneurlife #entrepreneurmindset #entrepreneurspiritâ€¦ https://t.co/zLurloohrB 
5 Key Factors to Succeed in Business #business #entrepreneurmindset #enterpreneurship #businessowner https://t.co/xSTw4G2XDZ 
Join to hear their stories on 18th November and obtain a solution to your problems#entrepreneurmindsetâ€¦ https://t.co/gUoWDEOyhk 
And how do you create it? By setting a goal working hard and not giving up.#amnesuedi #entrepreneurmindsetâ€¦ https://t.co/jZRxLkvEnK 
ğŸ“¹ Check us out on Youtube for more entrepreneurial content|â #entrepreneurship #entrepreneur #entrepreneurmindsetâ€¦ https://t.co/kCfLQ4cWsZ 
#successful â #entrepreneurmindset â #successquotes â #successmindset â #motivationquotes â #businessquotes â â€¦ https://t.co/IcN8KULiC6 
Start your week off right! âœ…âœ…âœ…#planyourweek #productivity #success #weekendlife #selfcare #entrepreneurmindsetâ€¦ https://t.co/5T32F0fB4K 
Bearing The Mark of Empirehttps://t.co/j6vT4huThe#entrepreneurmindset #marketingandadvertising After so many tiâ€¦ https://t.co/VzuzGi4nAa 
Conformance restricts creativityâ€¦. #entrepreneurmindset #business #edtech #Metaverse #NFTCommunity https://t.co/xN42DR0vqn 
What does it take to be a Successful Entrepreneur? to know Join us on 18th November#entrepreneurmindsetâ€¦ https://t.co/SOceaMTSro 
[Tip of the Day]Hindsight is 2020. If you can learn from it great. If not stop being hard on yourself.Â #entrepreneurmindset 
ğŸ“¹ Check us out on Youtube for more entrepreneurial content|â #entrepreneurship #entrepreneur #entrepreneurmindsetâ€¦ https://t.co/a60Y3ZVkZC 
5 Key Factors to Succeed in Business #business #entrepreneurmindset #enterpreneurship #businessowner https://t.co/xSTw4G2XDZ 
Join to hear their stories on 18th November and obtain a solution to your problems#entrepreneurmindsetâ€¦ https://t.co/gUoWDEOyhk 
And how do you create it? By setting a goal working hard and not giving up.#amnesuedi #entrepreneurmindsetâ€¦ https://t.co/jZRxLkvEnK 
ğŸ“¹ Check us out on Youtube for more entrepreneurial content|â #entrepreneurship #entrepreneur #entrepreneurmindsetâ€¦ https://t.co/kCfLQ4cWsZ 
Start your week off right! âœ…âœ…âœ…#planyourweek #productivity #success #weekendlife #selfcare #entrepreneurmindsetâ€¦ https://t.co/5T32F0fB4K 
Bearing The Mark of Empirehttps://t.co/j6vT4huThe#entrepreneurmindset #marketingandadvertising After so many tiâ€¦ https://t.co/VzuzGi4nAa 
Conformance restricts creativityâ€¦. #entrepreneurmindset #business #edtech #Metaverse #NFTCommunity https://t.co/xN42DR0vqn 
If you donâ€™t find a way to make money while you sleep You will work until you die. #iamtanmaysaini #entrepreneurmindset #tss 
6 Different types of Entrepreneurs #entrepreneurs #entrepreneurmindset #businessowner #videomarketing https://t.co/h9ytv2MyPc 
What does it take to be a Successful Entrepreneur? to know Join us on 18th November#entrepreneurmindsetâ€¦ https://t.co/SOceaMTSro 
[Tip of the Day]Hindsight is 2020. If you can learn from it great. If not stop being hard on yourself.Â #entrepreneurmindset 
ğŸ“¹ Check us out on Youtube for more entrepreneurial content|â #entrepreneurship #entrepreneur #entrepreneurmindsetâ€¦ https://t.co/a60Y3ZVkZC 
5 Key Factors to Succeed in Business #business #entrepreneurmindset #enterpreneurship #businessowner https://t.co/xSTw4G2XDZ 
Join to hear their stories on 18th November and obtain a solution to your problems#entrepreneurmindsetâ€¦ https://t.co/gUoWDEOyhk 
And how do you create it? By setting a goal working hard and not giving up.#amnesuedi #entrepreneurmindsetâ€¦ https://t.co/jZRxLkvEnK 
ğŸ“¹ Check us out on Youtube for more entrepreneurial content|â #entrepreneurship #entrepreneur #entrepreneurmindsetâ€¦ https://t.co/kCfLQ4cWsZ 
Start your week off right! âœ…âœ…âœ…#planyourweek #productivity #success #weekendlife #selfcare #entrepreneurmindsetâ€¦ https://t.co/5T32F0fB4K 
Bearing The Mark of Empirehttps://t.co/j6vT4huThe#entrepreneurmindset #marketingandadvertising After so many tiâ€¦ https://t.co/VzuzGi4nAa 
