Success Monday! Visit &gt; https://t.co/tFzpE5FdLs#WorkLifeBalance #worklife #designthinking #startupstory… https://t.co/YX6VrMVbvQ 
74K readers in 1 Month - The Metro gazette#themetrogazette #newsyoucanuse #newsupdates #startupstory #onemonth… https://t.co/RYYmFYlNqJ 
everyone is going to be paying with just their face! #startupstory #innovation #payments #facerecognition https://t.co/T5rAFI9Tj0 
#startupstorypublishing #startup #startupstory 9 Tips On How To Write A Great Startup Story? —… https://t.co/wxfmFjZV2i 
Happy TGIF!  See a couple's results! &gt; https://t.co/0fN2yahhG7#worklife #designthinking #startupstory… https://t.co/MqJXtJROWd 
Get Results Thursday! &gt; &gt; https://t.co/0fN2yahhG7#WorkLifeBalance #worklife #designthinking #startupstory… https://t.co/IMP3uzTehA 
Emergence of a media giant..#startupstory #network18 #Entrepreneurship https://t.co/lNlWlPm5m6 https://t.co/ut09dNhMmR 
Has Technology Changed? Catch me YourStory Media Panel.#technology #techvision2021 #global #startupstory… https://t.co/oTBg3ZUXYi 
New EU-funded accelerator targets green business in UgandaRead more - https://t.co/NT7rGs1HnY#startupstory… https://t.co/Gb4X9nvMkm 
K12 Email Deliverability Issues: How to Fix Them https://t.co/gHJBiKY55V#LearnGrants #startupstories #startupstory… https://t.co/l0mADWTjZM 
https://t.co/FVE43IRsR6Check out this startup company: @paisaplan_in #karostartup #motivationalstory #startupstory 
Egypt launches 3rd African App Launchpad CupRead more - https://t.co/n91KMK59xQ#Africa #startupstory… https://t.co/XjHU4Ybeir 
TLcom to host 3rd Africa Tech Female Founder SummitRead more - https://t.co/DPbKerk7iw#Africa #startupstory… https://t.co/dM3VeiUCqI 
9th Angel Fair Africa set for Mauritius in NovemberRead more - https://t.co/vVLEDwbxCk#startupstory #Africa… https://t.co/qjbDFSbN9W 
Transform Your Tuesday! Visit &gt; https://t.co/tFzpE5FdLs#startupstory #startupbusiness #beyourownboss #success… https://t.co/zAz3TaBkCQ 
